{"type":"FeatureCollection","name":"deal_road_centerlines","metadata":{"source":"NJOGIS NG911 Road Centerlines (Tran_road)","url":"https://services2.arcgis.com/XVOqAjTOJ5P6ngMu/arcgis/rest/services/Tran_road/FeatureServer/0","query_url":"https://services2.arcgis.com/XVOqAjTOJ5P6ngMu/arcgis/rest/services/Tran_road/FeatureServer/0/query","retrieved_at_utc":"2026-09-04T20:05:09.065598+00:00","source_last_edit_date":1785341586960,"out_sr":4326,"query_envelope_wgs84":[-74.0096829,40.2375433,-73.9877005,40.2633671],"spatial_relationship":"esriSpatialRelIntersects","boundary_file":"deal_boundary.geojson","boundary_sha256":"790c857b347a517a8ef79ddd935b8a2df6d72abfc60d5a8564354a1d527feb65","fields":["OBJECTID","PRIMENAME","ELEVTYP_F","ELEVTYP_T"],"feature_count":453,"complete_objectid_inventory_verified":true,"municipal_clipping":"Envelope selection only; clip against the actual municipal boundary in the application."},"features":[{"type":"Feature","id":240,"properties":{"OBJECTID":240,"PRIMENAME":"Queen Anne Drive","ELEVTYP_F":0,"ELEVTYP_T":0},"geometry":{"type":"LineString","coordinates":[[-74.0064365786563,40.2404193923533],[-74.0065985349594,40.2406904892815],[-74.0068811853881,40.2411635182393],[-74.006985341199,40.2413784197797],[-74.007108437285,40.2415552982714],[-74.0071760619823,40.2416652037175],[-74.0072065689779,40.2417463179816],[-74.0072121804297,40.2418321574125],[-74.0071865228243,40.241936944324],[-74.0071420661569,40.2420653693321],[-74.0070913403887,40.2421986267175],[-74.0070407530018,40.242312777922],[-74.0070313357527,40.2423368405527]]}},{"type":"Feature","id":894,"properties":{"OBJECTID":894,"PRIMENAME":"Unnamed Segment","ELEVTYP_F":0,"ELEVTYP_T":0},"geometry":{"type":"LineString","coordinates":[[-74.0020014343269,40.2597824659051],[-74.0020863720303,40.2591677391336],[-74.0021319227606,40.2588233212269],[-74.0022355026139,40.2580326531328],[-74.0022265801984,40.2576490443668],[-74.0022311393045,40.2576231905945]]}},{"type":"Feature","id":2579,"properties":{"OBJECTID":2579,"PRIMENAME":"Stratford Place","ELEVTYP_F":0,"ELEVTYP_T":0},"geometry":{"type":"LineString","coordinates":[[-73.9995027809683,40.2420986352747],[-73.9994725218578,40.2422088351732],[-73.9992423722438,40.2430475805366]]}},{"type":"Feature","id":2666,"properties":{"OBJECTID":2666,"PRIMENAME":"North Edgemere Drive","ELEVTYP_F":0,"ELEVTYP_T":0},"geometry":{"type":"LineString","coordinates":[[-74.0093745321257,40.2418461485375],[-74.0093635330328,40.2418165906576],[-74.0092969366479,40.2415684681959],[-74.0092549258372,40.2413538601796],[-74.0092258622157,40.2410725415],[-74.0092218225023,40.2409275485029]]}},{"type":"Feature","id":2765,"properties":{"OBJECTID":2765,"PRIMENAME":"Neptune Avenue","ELEVTYP_F":0,"ELEVTYP_T":0},"geometry":{"type":"LineString","coordinates":[[-74.0051435985277,40.2398768753613],[-74.0032998448851,40.2395735340886]]}},{"type":"Feature","id":2782,"properties":{"OBJECTID":2782,"PRIMENAME":"Pleasant Place","ELEVTYP_F":0,"ELEVTYP_T":0},"geometry":{"type":"LineString","coordinates":[[-73.998838622467,40.2612195469491],[-73.9987104446539,40.2615789735064],[-73.9985517624963,40.2620024787221],[-73.9984375672026,40.2623070061276],[-73.9983864571096,40.262483110178],[-73.9983723362713,40.2625561549178]]}},{"type":"Feature","id":3232,"properties":{"OBJECTID":3232,"PRIMENAME":"Monmouth Drive","ELEVTYP_F":0,"ELEVTYP_T":0},"geometry":{"type":"LineString","coordinates":[[-74.0035883091175,40.2453089687388],[-74.0035610871538,40.2453865695584]]}},{"type":"Feature","id":3325,"properties":{"OBJECTID":3325,"PRIMENAME":"Norwood Avenue","ELEVTYP_F":0,"ELEVTYP_T":0},"geometry":{"type":"LineString","coordinates":[[-74.0007579428681,40.2422243801584],[-74.0007562652597,40.2423161184271],[-74.0007490725389,40.2432952587428]]}},{"type":"Feature","id":3335,"properties":{"OBJECTID":3335,"PRIMENAME":"Neptune Avenue","ELEVTYP_F":0,"ELEVTYP_T":0},"geometry":{"type":"LineString","coordinates":[[-74.0057206181261,40.2399718000077],[-74.0051435985277,40.2398768753613]]}},{"type":"Feature","id":3800,"properties":{"OBJECTID":3800,"PRIMENAME":"Runyan Avenue","ELEVTYP_F":0,"ELEVTYP_T":0},"geometry":{"type":"LineString","coordinates":[[-74.0004551458954,40.2492344879569],[-74.0006144611832,40.2492601023533]]}},{"type":"Feature","id":4125,"properties":{"OBJECTID":4125,"PRIMENAME":"Spier Avenue","ELEVTYP_F":0,"ELEVTYP_T":0},"geometry":{"type":"LineString","coordinates":[[-74.0058199061954,40.2379978208801],[-74.0056500695366,40.237979031788],[-74.0039977949305,40.2377098467303],[-74.0038135339728,40.2376798752877]]}},{"type":"Feature","id":4173,"properties":{"OBJECTID":4173,"PRIMENAME":"Lawrence Avenue","ELEVTYP_F":0,"ELEVTYP_T":0},"geometry":{"type":"LineString","coordinates":[[-73.9910434941087,40.2610560874616],[-73.9916306612498,40.2611763563132],[-73.9922593687062,40.2613146763234]]}},{"type":"Feature","id":4611,"properties":{"OBJECTID":4611,"PRIMENAME":"Roseld Avenue","ELEVTYP_F":0,"ELEVTYP_T":0},"geometry":{"type":"LineString","coordinates":[[-74.003053809579,40.2473202227989],[-74.0034233845072,40.2473805028621],[-74.003552138725,40.2474022037873],[-74.0038657992814,40.2474550660627]]}},{"type":"Feature","id":5915,"properties":{"OBJECTID":5915,"PRIMENAME":"Richmond Avenue","ELEVTYP_F":0,"ELEVTYP_T":0},"geometry":{"type":"LineString","coordinates":[[-74.0027514119104,40.2415606532763],[-74.002996788009,40.2406513861618],[-74.00301915072,40.2405717605594]]}},{"type":"Feature","id":8304,"properties":{"OBJECTID":8304,"PRIMENAME":"Pleasant Place","ELEVTYP_F":0,"ELEVTYP_T":0},"geometry":{"type":"LineString","coordinates":[[-73.9983723362713,40.2625561549178],[-73.9983477110172,40.2626831245718],[-73.9983091419077,40.2628545337431],[-73.9982828631028,40.2630354954793],[-73.9982695140682,40.2631593571697],[-73.9982377057111,40.2632545607702],[-73.9982172483826,40.2632840615569]]}},{"type":"Feature","id":14540,"properties":{"OBJECTID":14540,"PRIMENAME":"Jerome Avenue","ELEVTYP_F":0,"ELEVTYP_T":0},"geometry":{"type":"LineString","coordinates":[[-74.0028786957811,40.2615531961166],[-74.0020807611195,40.2614777583792],[-74.0019382768915,40.2614642972476]]}},{"type":"Feature","id":15019,"properties":{"OBJECTID":15019,"PRIMENAME":"Norwood Avenue","ELEVTYP_F":0,"ELEVTYP_T":0},"geometry":{"type":"LineString","coordinates":[[-74.0007172087194,40.2459306581124],[-74.0007154399608,40.2460659701517],[-74.0007138550945,40.2461871308159]]}},{"type":"Feature","id":16994,"properties":{"OBJECTID":16994,"PRIMENAME":"Golf Road","ELEVTYP_F":0,"ELEVTYP_T":0},"geometry":{"type":"LineString","coordinates":[[-74.0083762643902,40.2506767414588],[-74.0082020341141,40.2494983223823],[-74.0081871749304,40.2494028904487]]}},{"type":"Feature","id":19409,"properties":{"OBJECTID":19409,"PRIMENAME":"Runyan Avenue","ELEVTYP_F":0,"ELEVTYP_T":0},"geometry":{"type":"LineString","coordinates":[[-74.0095991939626,40.2508845276241],[-74.0089392451129,40.2507692297609],[-74.0083762643902,40.2506767414588]]}},{"type":"Feature","id":21210,"properties":{"OBJECTID":21210,"PRIMENAME":"Jerome Avenue","ELEVTYP_F":0,"ELEVTYP_T":0},"geometry":{"type":"LineString","coordinates":[[-74.008932984502,40.261959836935],[-74.0080615431623,40.2620228441989],[-74.0079142636678,40.2620278462537]]}},{"type":"Feature","id":30450,"properties":{"OBJECTID":30450,"PRIMENAME":"Neptune Avenue","ELEVTYP_F":0,"ELEVTYP_T":0},"geometry":{"type":"LineString","coordinates":[[-73.9953550459972,40.2382769042283],[-73.9951173288261,40.2382388617533]]}},{"type":"Feature","id":40233,"properties":{"OBJECTID":40233,"PRIMENAME":"Monmouth Terrace","ELEVTYP_F":0,"ELEVTYP_T":0},"geometry":{"type":"LineString","coordinates":[[-73.9947225685491,40.2402394612448],[-73.9944486830541,40.2411765869838],[-73.9944483994298,40.2412147172688]]}},{"type":"Feature","id":43747,"properties":{"OBJECTID":43747,"PRIMENAME":"West Morgan Avenue","ELEVTYP_F":0,"ELEVTYP_T":0},"geometry":{"type":"LineString","coordinates":[[-74.0002710276542,40.2574495222707],[-74.0016674189638,40.2575721664073]]}},{"type":"Feature","id":43758,"properties":{"OBJECTID":43758,"PRIMENAME":"Main Street","ELEVTYP_F":0,"ELEVTYP_T":0},"geometry":{"type":"LineString","coordinates":[[-74.0054885567489,40.2389087311497],[-74.0054047821553,40.2391438508181]]}},{"type":"Feature","id":46271,"properties":{"OBJECTID":46271,"PRIMENAME":"South Edgemere Drive","ELEVTYP_F":0,"ELEVTYP_T":0},"geometry":{"type":"LineString","coordinates":[[-74.0091329952082,40.2376616269368],[-74.0091127443438,40.2375344091205],[-74.0091261711949,40.2373962712403],[-74.0091461412657,40.2372152244801],[-74.0091969279704,40.2370724408642],[-74.0092400680082,40.2369814816385]]}},{"type":"Feature","id":46896,"properties":{"OBJECTID":46896,"PRIMENAME":"Roosevelt Avenue","ELEVTYP_F":0,"ELEVTYP_T":0},"geometry":{"type":"LineString","coordinates":[[-74.0031679810191,40.2598929163813],[-74.0025409385435,40.259833548302],[-74.002390242452,40.2598192805589],[-74.0020014343269,40.2597824659051]]}},{"type":"Feature","id":48380,"properties":{"OBJECTID":48380,"PRIMENAME":"Jerome Avenue","ELEVTYP_F":0,"ELEVTYP_T":0},"geometry":{"type":"LineString","coordinates":[[-73.9997774474723,40.2612709910985],[-73.9998891052123,40.2612806433606]]}},{"type":"Feature","id":48504,"properties":{"OBJECTID":48504,"PRIMENAME":"Main Street","ELEVTYP_F":0,"ELEVTYP_T":0},"geometry":{"type":"LineString","coordinates":[[-74.0058199061954,40.2379978208801],[-74.0055106798231,40.2388467003485],[-74.0054885567489,40.2389087311497]]}},{"type":"Feature","id":48920,"properties":{"OBJECTID":48920,"PRIMENAME":"Roosevelt Avenue","ELEVTYP_F":0,"ELEVTYP_T":0},"geometry":{"type":"LineString","coordinates":[[-74.0058604167988,40.2601575545789],[-74.0048230663126,40.2600514092888]]}},{"type":"Feature","id":49091,"properties":{"OBJECTID":49091,"PRIMENAME":"Jerome Avenue","ELEVTYP_F":0,"ELEVTYP_T":0},"geometry":{"type":"LineString","coordinates":[[-74.0079142636678,40.2620278462537],[-74.0078126485408,40.2620313121769],[-74.0072966388826,40.2619814585906],[-74.0061154119185,40.2618715832899],[-74.0059367004851,40.2618527927429],[-74.0055820350913,40.2618154991064]]}},{"type":"Feature","id":49397,"properties":{"OBJECTID":49397,"PRIMENAME":"Washington Drive","ELEVTYP_F":0,"ELEVTYP_T":0},"geometry":{"type":"LineString","coordinates":[[-74.0036816888127,40.2511530409784],[-74.0036717361315,40.251485473483],[-74.0036409319088,40.2522985997142],[-74.0036177582655,40.2529102923942],[-74.0036145214506,40.2529954904299]]}},{"type":"Feature","id":50573,"properties":{"OBJECTID":50573,"PRIMENAME":"Woodford Road","ELEVTYP_F":0,"ELEVTYP_T":0},"geometry":{"type":"LineString","coordinates":[[-74.0007490725389,40.2432952587428],[-74.0002860385367,40.2432180132877],[-73.9994163752765,40.2430760053658],[-73.9992423722438,40.2430475805366]]}},{"type":"Feature","id":51463,"properties":{"OBJECTID":51463,"PRIMENAME":"Lake Drive","ELEVTYP_F":0,"ELEVTYP_T":0},"geometry":{"type":"LineString","coordinates":[[-74.0071619001541,40.2391719168523],[-74.0071842670783,40.2391008557793],[-74.0072606440488,40.2388581449155],[-74.0073051701809,40.2387248339624],[-74.0073309622131,40.2385962744219],[-74.0073316876635,40.2384961854462],[-74.0073200184469,40.2383912953877],[-74.0072279498125,40.238224075503]]}},{"type":"Feature","id":52237,"properties":{"OBJECTID":52237,"PRIMENAME":"Railroad Avenue","ELEVTYP_F":0,"ELEVTYP_T":0},"geometry":{"type":"LineString","coordinates":[[-74.0029749915482,40.2554553009633],[-74.0029978745702,40.254639077287],[-74.0030001386646,40.2545598591334]]}},{"type":"Feature","id":52556,"properties":{"OBJECTID":52556,"PRIMENAME":"Grant Avenue","ELEVTYP_F":0,"ELEVTYP_T":0},"geometry":{"type":"LineString","coordinates":[[-74.0061640101597,40.2544185730151],[-74.006188272632,40.2544178254197],[-74.0063687066303,40.2544138189826],[-74.0065365682814,40.2544240603129],[-74.0067416262814,40.2544535396332],[-74.0072548283487,40.2545316591799]]}},{"type":"Feature","id":53146,"properties":{"OBJECTID":53146,"PRIMENAME":"Roseld Avenue","ELEVTYP_F":0,"ELEVTYP_T":0},"geometry":{"type":"LineString","coordinates":[[-73.9982737476631,40.246537796353],[-74.0003777398288,40.2468835846943],[-74.000422790135,40.2468909881032],[-74.0005669973505,40.2469145063456]]}},{"type":"Feature","id":53929,"properties":{"OBJECTID":53929,"PRIMENAME":"Parker Avenue","ELEVTYP_F":0,"ELEVTYP_T":0},"geometry":{"type":"LineString","coordinates":[[-74.0073952408205,40.2517702782793],[-74.008128244869,40.2518865547546]]}},{"type":"Feature","id":54187,"properties":{"OBJECTID":54187,"PRIMENAME":"Roseld Avenue","ELEVTYP_F":0,"ELEVTYP_T":0},"geometry":{"type":"LineString","coordinates":[[-74.0022872161579,40.2471951503655],[-74.003053809579,40.2473202227989]]}},{"type":"Feature","id":54488,"properties":{"OBJECTID":54488,"PRIMENAME":"Myrtle Avenue","ELEVTYP_F":0,"ELEVTYP_T":0},"geometry":{"type":"LineString","coordinates":[[-74.0092977319107,40.238471238384],[-74.0093732614979,40.2384887163069],[-74.0111986411683,40.2389110811978],[-74.0112939074218,40.2389336921649]]}},{"type":"Feature","id":56081,"properties":{"OBJECTID":56081,"PRIMENAME":"Golf Road","ELEVTYP_F":0,"ELEVTYP_T":0},"geometry":{"type":"LineString","coordinates":[[-74.0081871749304,40.2494028904487],[-74.0080296515566,40.2483871147527],[-74.0080058947612,40.2482392658301],[-74.007989539123,40.2481377588028]]}},{"type":"Feature","id":56639,"properties":{"OBJECTID":56639,"PRIMENAME":"Neptune Avenue","ELEVTYP_F":0,"ELEVTYP_T":0},"geometry":{"type":"LineString","coordinates":[[-74.0010194141928,40.2392048395024],[-74.0002791281672,40.2390857971675],[-73.9996269899805,40.2389685849093],[-73.9989809105453,40.23886567078],[-73.9978504166258,40.2386796958371],[-73.9977281136335,40.238661238251]]}},{"type":"Feature","id":62020,"properties":{"OBJECTID":62020,"PRIMENAME":"Lawrence Avenue","ELEVTYP_F":0,"ELEVTYP_T":0},"geometry":{"type":"LineString","coordinates":[[-74.0027417496046,40.2623984947926],[-74.0037281360884,40.262495243528],[-74.0053383058954,40.2626498851841],[-74.0054362808043,40.2626593637254]]}},{"type":"Feature","id":64053,"properties":{"OBJECTID":64053,"PRIMENAME":"Philips Avenue","ELEVTYP_F":0,"ELEVTYP_T":0},"geometry":{"type":"LineString","coordinates":[[-74.0019120885707,40.254622330282],[-74.0029046959761,40.2545653395485],[-74.0030001386646,40.2545598591334]]}},{"type":"Feature","id":65396,"properties":{"OBJECTID":65396,"PRIMENAME":"Brighton Avenue","ELEVTYP_F":0,"ELEVTYP_T":0},"geometry":{"type":"LineString","coordinates":[[-74.0023056335658,40.2531436600586],[-74.0024117756794,40.2531257204044],[-74.0025924520768,40.2530931427913],[-74.0027854536023,40.2530653661566],[-74.0029597888509,40.2530422870581],[-74.0030696824419,40.2530269739398]]}},{"type":"Feature","id":66043,"properties":{"OBJECTID":66043,"PRIMENAME":"Wilson Avenue","ELEVTYP_F":0,"ELEVTYP_T":0},"geometry":{"type":"LineString","coordinates":[[-74.0030118696616,40.2607285800048],[-74.0030376300493,40.2605688975599],[-74.0030526701852,40.2604756722872]]}},{"type":"Feature","id":66880,"properties":{"OBJECTID":66880,"PRIMENAME":"Sherman Avenue","ELEVTYP_F":0,"ELEVTYP_T":0},"geometry":{"type":"LineString","coordinates":[[-74.0088115628365,40.2534489966463],[-74.0095410793159,40.2535646729452],[-74.0097699794882,40.2536017423785]]}},{"type":"Feature","id":67955,"properties":{"OBJECTID":67955,"PRIMENAME":"Roosevelt Avenue","ELEVTYP_F":0,"ELEVTYP_T":0},"geometry":{"type":"LineString","coordinates":[[-74.0048230663126,40.2600514092888],[-74.0045922222648,40.2600277731732],[-74.0041166646997,40.259982745829],[-74.0031679810191,40.2598929163813]]}},{"type":"Feature","id":70996,"properties":{"OBJECTID":70996,"PRIMENAME":"Jerome Avenue","ELEVTYP_F":0,"ELEVTYP_T":0},"geometry":{"type":"LineString","coordinates":[[-73.9951355603894,40.2605542864449],[-73.9965881698626,40.2608548759536],[-73.9976255080374,40.2610690638556],[-73.9978802127503,40.2611273803698],[-73.998072710565,40.2611615697458],[-73.9982529865842,40.2611862074118],[-73.9984457679032,40.2611965415189],[-73.998838622467,40.2612195469491]]}},{"type":"Feature","id":71122,"properties":{"OBJECTID":71122,"PRIMENAME":"Cedar Avenue","ELEVTYP_F":0,"ELEVTYP_T":0},"geometry":{"type":"LineString","coordinates":[[-73.994967611313,40.2371808243391],[-73.995021455696,40.2371896795702],[-73.997853869103,40.2376547479433],[-73.9979305029588,40.2376676267047]]}},{"type":"Feature","id":72043,"properties":{"OBJECTID":72043,"PRIMENAME":"Jerome Avenue","ELEVTYP_F":0,"ELEVTYP_T":0},"geometry":{"type":"LineString","coordinates":[[-74.0055820350913,40.2618154991064],[-74.0049342933536,40.2617473659389],[-74.0028786957811,40.2615531961166]]}},{"type":"Feature","id":72250,"properties":{"OBJECTID":72250,"PRIMENAME":"Runyan Avenue","ELEVTYP_F":0,"ELEVTYP_T":0},"geometry":{"type":"LineString","coordinates":[[-74.0012655094391,40.2493637970352],[-74.0013251293668,40.249373195708],[-74.001610889893,40.2494268607429],[-74.0019214425451,40.2494806317766],[-74.0022259041983,40.2495248224193],[-74.002428565825,40.2495661031939]]}},{"type":"Feature","id":73486,"properties":{"OBJECTID":73486,"PRIMENAME":"Alley A","ELEVTYP_F":0,"ELEVTYP_T":0},"geometry":{"type":"LineString","coordinates":[[-74.0019530111759,40.2538544455846],[-74.0019692818067,40.2532429875513],[-74.0019707157562,40.2531891321564]]}},{"type":"Feature","id":74416,"properties":{"OBJECTID":74416,"PRIMENAME":"Jerome Avenue","ELEVTYP_F":0,"ELEVTYP_T":0},"geometry":{"type":"LineString","coordinates":[[-73.998838622467,40.2612195469491],[-73.9990614123533,40.2612325903887],[-73.9996957627374,40.2612639127181],[-73.9997774474723,40.2612709910985]]}},{"type":"Feature","id":75060,"properties":{"OBJECTID":75060,"PRIMENAME":"Golf Road","ELEVTYP_F":0,"ELEVTYP_T":0},"geometry":{"type":"LineString","coordinates":[[-74.0085214335455,40.251618670521],[-74.0084333051669,40.2510625784622],[-74.0083762643902,40.2506767414588]]}},{"type":"Feature","id":75128,"properties":{"OBJECTID":75128,"PRIMENAME":"Roseld Avenue","ELEVTYP_F":0,"ELEVTYP_T":0},"geometry":{"type":"LineString","coordinates":[[-74.003053809579,40.2473202227989],[-74.0030314237973,40.2473978721518],[-74.0028718976586,40.2479500499215],[-74.0024500984602,40.2494876550334],[-74.002428565825,40.2495661031939]]}},{"type":"Feature","id":76880,"properties":{"OBJECTID":76880,"PRIMENAME":"Almyr Avenue","ELEVTYP_F":0,"ELEVTYP_T":0},"geometry":{"type":"LineString","coordinates":[[-73.9963777112222,40.257134778376],[-73.9963731128853,40.2571412098221],[-73.9963227436198,40.2572172255261],[-73.9962719496838,40.2573600037938],[-73.9960560230999,40.2579548052843],[-73.9958464669107,40.2585305832129],[-73.9958133472067,40.2586238044508]]}},{"type":"Feature","id":77445,"properties":{"OBJECTID":77445,"PRIMENAME":"Monmouth Drive","ELEVTYP_F":0,"ELEVTYP_T":0},"geometry":{"type":"LineString","coordinates":[[-74.0007579428681,40.2422243801584],[-74.0009276050501,40.2422436971659],[-74.0012258011366,40.2422878634188],[-74.00147423831,40.242331841596],[-74.0017103177062,40.2423757660344],[-74.0019337896702,40.2424291620861],[-74.0021076455521,40.2424679867386],[-74.0023497120075,40.2425357924873],[-74.0024656080456,40.2425644014855]]}},{"type":"Feature","id":78597,"properties":{"OBJECTID":78597,"PRIMENAME":"Railroad Avenue","ELEVTYP_F":0,"ELEVTYP_T":0},"geometry":{"type":"LineString","coordinates":[[-74.0030001386646,40.2545598591334],[-74.0030309863057,40.2538792565221]]}},{"type":"Feature","id":79339,"properties":{"OBJECTID":79339,"PRIMENAME":"Lady Bees Drive","ELEVTYP_F":0,"ELEVTYP_T":0},"geometry":{"type":"LineString","coordinates":[[-74.0058420855365,40.2420766540511],[-74.0059752778665,40.2417267930383],[-74.0060853355512,40.2414102154377],[-74.0061876101225,40.2411160194027],[-74.0062929351124,40.240813051168],[-74.0064365786563,40.2404193923533]]}},{"type":"Feature","id":80278,"properties":{"OBJECTID":80278,"PRIMENAME":"Poplar Avenue","ELEVTYP_F":0,"ELEVTYP_T":0},"geometry":{"type":"LineString","coordinates":[[-74.0002410609929,40.2560702352312],[-74.0003185910039,40.256085943463],[-74.0004062532495,40.2560882160407]]}},{"type":"Feature","id":80754,"properties":{"OBJECTID":80754,"PRIMENAME":"North Edgemere Drive","ELEVTYP_F":0,"ELEVTYP_T":0},"geometry":{"type":"LineString","coordinates":[[-74.0091969600606,40.2379303385595],[-74.0091484513658,40.2377585448709],[-74.0091329952082,40.2376616269368]]}},{"type":"Feature","id":80983,"properties":{"OBJECTID":80983,"PRIMENAME":"Pleasant Place","ELEVTYP_F":0,"ELEVTYP_T":0},"geometry":{"type":"LineString","coordinates":[[-73.9982172483826,40.2632840615569],[-73.9981685238684,40.2633543244692],[-73.9980662215025,40.2635328416715],[-73.997946738085,40.2637086768173],[-73.9978462054323,40.2638416864747],[-73.997707732938,40.2640603465533],[-73.9976064943962,40.2642886394875],[-73.9975633090551,40.2643859902051]]}},{"type":"Feature","id":81111,"properties":{"OBJECTID":81111,"PRIMENAME":"Spier Avenue","ELEVTYP_F":0,"ELEVTYP_T":0},"geometry":{"type":"LineString","coordinates":[[-74.0068158669021,40.2381537164007],[-74.0065882496331,40.238114863265],[-74.0061098746372,40.2380332038492],[-74.0060539905247,40.238023664165],[-74.0058199061954,40.2379978208801]]}},{"type":"Feature","id":81523,"properties":{"OBJECTID":81523,"PRIMENAME":"Roberts Lane","ELEVTYP_F":0,"ELEVTYP_T":0},"geometry":{"type":"LineString","coordinates":[[-74.0070313357527,40.2423368405527],[-74.0069412388619,40.242317130241],[-74.0060801138573,40.2421287388435],[-74.005941481302,40.2420984088984],[-74.0058420855365,40.2420766540511]]}},{"type":"Feature","id":81984,"properties":{"OBJECTID":81984,"PRIMENAME":"Roseld Avenue","ELEVTYP_F":0,"ELEVTYP_T":0},"geometry":{"type":"LineString","coordinates":[[-74.0096829307073,40.2484120633541],[-74.0108294546807,40.248602075908],[-74.011179820483,40.2486600803105]]}},{"type":"Feature","id":82361,"properties":{"OBJECTID":82361,"PRIMENAME":"Elberon Square","ELEVTYP_F":0,"ELEVTYP_T":0},"geometry":{"type":"LineString","coordinates":[[-73.9918153093559,40.2622733647714],[-73.9917897283723,40.2622967345238]]}},{"type":"Feature","id":82382,"properties":{"OBJECTID":82382,"PRIMENAME":"Michael Avenue","ELEVTYP_F":0,"ELEVTYP_T":0},"geometry":{"type":"LineString","coordinates":[[-74.0055820350913,40.2618154991064],[-74.005548211155,40.2620169096127],[-74.0054362808043,40.2626593637254]]}},{"type":"Feature","id":82842,"properties":{"OBJECTID":82842,"PRIMENAME":"Richmond Avenue","ELEVTYP_F":0,"ELEVTYP_T":0},"geometry":{"type":"LineString","coordinates":[[-74.0024656080456,40.2425644014855],[-74.0025305042333,40.2423318022863],[-74.0027282872463,40.2416463424298],[-74.0027514119104,40.2415606532763]]}},{"type":"Feature","id":83519,"properties":{"OBJECTID":83519,"PRIMENAME":"Grant Avenue","ELEVTYP_F":0,"ELEVTYP_T":0},"geometry":{"type":"LineString","coordinates":[[-74.0094507540049,40.2548546584023],[-74.0100863814176,40.25494959082]]}},{"type":"Feature","id":83639,"properties":{"OBJECTID":83639,"PRIMENAME":"Larchwood Avenue","ELEVTYP_F":0,"ELEVTYP_T":0},"geometry":{"type":"LineString","coordinates":[[-74.0079142636678,40.2620278462537],[-74.0080001165735,40.2627756270495],[-74.0080122589054,40.2628900449385]]}},{"type":"Feature","id":84863,"properties":{"OBJECTID":84863,"PRIMENAME":"Richmond Avenue","ELEVTYP_F":0,"ELEVTYP_T":0},"geometry":{"type":"LineString","coordinates":[[-74.0014911477684,40.2460533020581],[-74.0017830972469,40.2450214177306],[-74.0018115619698,40.2449210916628]]}},{"type":"Feature","id":85440,"properties":{"OBJECTID":85440,"PRIMENAME":"Atlantic Avenue","ELEVTYP_F":0,"ELEVTYP_T":0},"geometry":{"type":"LineString","coordinates":[[-74.004793223252,40.2408497984448],[-74.0045521814969,40.2415115774867],[-74.0044369212126,40.2418382061929]]}},{"type":"Feature","id":87008,"properties":{"OBJECTID":87008,"PRIMENAME":"Almyr Avenue","ELEVTYP_F":0,"ELEVTYP_T":0},"geometry":{"type":"LineString","coordinates":[[-73.9979384312133,40.2543322001752],[-73.9979046660257,40.2544455149176],[-73.9976619936009,40.2552975694972],[-73.9975149071951,40.2558402946146],[-73.9974637605234,40.25592492772]]}},{"type":"Feature","id":89185,"properties":{"OBJECTID":89185,"PRIMENAME":"Alley A","ELEVTYP_F":0,"ELEVTYP_T":0},"geometry":{"type":"LineString","coordinates":[[-74.0019120885707,40.254622330282],[-74.0019161401888,40.2545486382181],[-74.0019520619067,40.2538910895523],[-74.0019530111759,40.2538544455846]]}},{"type":"Feature","id":89537,"properties":{"OBJECTID":89537,"PRIMENAME":"Brighton Avenue","ELEVTYP_F":0,"ELEVTYP_T":0},"geometry":{"type":"LineString","coordinates":[[-74.0030696824419,40.2530269739398],[-74.0031590245637,40.2530145644956],[-74.0032216663755,40.253010657932],[-74.0032544461574,40.2530086136278]]}},{"type":"Feature","id":89762,"properties":{"OBJECTID":89762,"PRIMENAME":"Monmouth Drive","ELEVTYP_F":0,"ELEVTYP_T":0},"geometry":{"type":"LineString","coordinates":[[-74.0030394148139,40.246305220312],[-74.0029365531342,40.2463990503813],[-74.002786001763,40.2465131539209],[-74.0025872050644,40.2466352315619],[-74.0023778871429,40.2467408741998],[-74.002141928233,40.2468299854145],[-74.0019946397459,40.2468712867102]]}},{"type":"Feature","id":89973,"properties":{"OBJECTID":89973,"PRIMENAME":"Stratford Place","ELEVTYP_F":0,"ELEVTYP_T":0},"geometry":{"type":"LineString","coordinates":[[-73.998862806237,40.2443895931004],[-73.9987507725328,40.2447793711012],[-73.9985527980551,40.2454791254529],[-73.9985292832858,40.2455683534268]]}},{"type":"Feature","id":92767,"properties":{"OBJECTID":92767,"PRIMENAME":"Woodford Road","ELEVTYP_F":0,"ELEVTYP_T":0},"geometry":{"type":"LineString","coordinates":[[-74.0022042352505,40.2435330603459],[-74.0012240588367,40.2433745308207],[-74.0007490725389,40.2432952587428]]}},{"type":"Feature","id":92949,"properties":{"OBJECTID":92949,"PRIMENAME":"Parker Avenue","ELEVTYP_F":0,"ELEVTYP_T":0},"geometry":{"type":"LineString","coordinates":[[-74.0005531569314,40.2511614612822],[-74.0003947738165,40.2511350816581]]}},{"type":"Feature","id":93390,"properties":{"OBJECTID":93390,"PRIMENAME":"Roseld Court","ELEVTYP_F":0,"ELEVTYP_T":0},"geometry":{"type":"LineString","coordinates":[[-74.0019200571249,40.248486878209],[-74.0019482378665,40.2484889764521],[-74.001977794584,40.2484840797351],[-74.0020009251203,40.2484615581517],[-74.002027574682,40.2484037762326],[-74.0022331464642,40.2476951269227],[-74.0022399061371,40.2476574361119],[-74.0022272174007,40.2476045088493],[-74.0022156570203,40.2475589700968],[-74.0022419938485,40.2474250660977],[-74.0022872161579,40.2471951503655]]}},{"type":"Feature","id":94748,"properties":{"OBJECTID":94748,"PRIMENAME":"Unnamed Segment","ELEVTYP_F":0,"ELEVTYP_T":0},"geometry":{"type":"LineString","coordinates":[[-74.0053003508576,40.2476967870658],[-74.0054761973827,40.246910380879]]}},{"type":"Feature","id":94829,"properties":{"OBJECTID":94829,"PRIMENAME":"Garfield Avenue","ELEVTYP_F":0,"ELEVTYP_T":0},"geometry":{"type":"LineString","coordinates":[[-74.0030118696616,40.2607285800048],[-74.0046979935245,40.2608789453201],[-74.0057225759668,40.2609784758663]]}},{"type":"Feature","id":99185,"properties":{"OBJECTID":99185,"PRIMENAME":"Monmouth Terrace","ELEVTYP_F":0,"ELEVTYP_T":0},"geometry":{"type":"LineString","coordinates":[[-73.9953550459972,40.2382769042283],[-73.9953278928597,40.2383589230672],[-73.9950317323968,40.2392539516803]]}},{"type":"Feature","id":102065,"properties":{"OBJECTID":102065,"PRIMENAME":"Spier Avenue","ELEVTYP_F":0,"ELEVTYP_T":0},"geometry":{"type":"LineString","coordinates":[[-74.0072279498125,40.238224075503],[-74.0068158669021,40.2381537164007]]}},{"type":"Feature","id":102587,"properties":{"OBJECTID":102587,"PRIMENAME":"Cedar Avenue","ELEVTYP_F":0,"ELEVTYP_T":0},"geometry":{"type":"LineString","coordinates":[[-74.0054885567489,40.2389087311497],[-74.0061028109844,40.2390053459177],[-74.0062758516494,40.2390325620484],[-74.0071619001541,40.2391719168523]]}},{"type":"Feature","id":104009,"properties":{"OBJECTID":104009,"PRIMENAME":"Pearl Court","ELEVTYP_F":0,"ELEVTYP_T":0},"geometry":{"type":"LineString","coordinates":[[-73.9990789052414,40.2593807347253],[-73.9991067855766,40.2593025345703],[-73.9993354398775,40.2586601239138],[-73.9993604822156,40.2586364042865],[-73.9993978545159,40.2586317888385],[-73.9994910186579,40.2586512435651],[-73.9998451127812,40.258719511013],[-73.999969454943,40.2587434926409]]}},{"type":"Feature","id":110197,"properties":{"OBJECTID":110197,"PRIMENAME":"Roseld Avenue","ELEVTYP_F":0,"ELEVTYP_T":0},"geometry":{"type":"LineString","coordinates":[[-74.0012655094391,40.2493637970352],[-74.001269185727,40.2493070142069],[-74.0013287086016,40.2483923664592],[-74.0013313528018,40.2480320656306],[-74.001306672219,40.2477971593188],[-74.0012868782638,40.2476189079171],[-74.0012931196361,40.2474813436977],[-74.0014171571381,40.2471337005291],[-74.0014443707874,40.2470576646635]]}},{"type":"Feature","id":110311,"properties":{"OBJECTID":110311,"PRIMENAME":"Michael Avenue","ELEVTYP_F":0,"ELEVTYP_T":0},"geometry":{"type":"LineString","coordinates":[[-74.0054362808043,40.2626593637254],[-74.0053274898998,40.2632837124285],[-74.0053147745942,40.2633567081851]]}},{"type":"Feature","id":110570,"properties":{"OBJECTID":110570,"PRIMENAME":"Unnamed Segment","ELEVTYP_F":0,"ELEVTYP_T":0},"geometry":{"type":"LineString","coordinates":[[-73.9954610104233,40.259612280389],[-73.9955707765176,40.2596351052793],[-73.9970960600703,40.2599524486106],[-73.9990802441959,40.2603652345735],[-73.9991389203561,40.2603774574694]]}},{"type":"Feature","id":112190,"properties":{"OBJECTID":112190,"PRIMENAME":"Unnamed Segment","ELEVTYP_F":0,"ELEVTYP_T":0},"geometry":{"type":"LineString","coordinates":[[-74.0022311393045,40.2576231905945],[-74.002271470411,40.2573945232808],[-74.0023469909948,40.257230032803],[-74.0025588089,40.2571470367105],[-74.0029069036348,40.2571485324824]]}},{"type":"Feature","id":112257,"properties":{"OBJECTID":112257,"PRIMENAME":"Sherman Avenue","ELEVTYP_F":0,"ELEVTYP_T":0},"geometry":{"type":"LineString","coordinates":[[-74.0070192760441,40.2531596592536],[-74.0074099041751,40.2532267694542],[-74.0088115628365,40.2534489966463]]}},{"type":"Feature","id":113610,"properties":{"OBJECTID":113610,"PRIMENAME":"Almyr Avenue","ELEVTYP_F":0,"ELEVTYP_T":0},"geometry":{"type":"LineString","coordinates":[[-73.9954610104233,40.259612280389],[-73.9953343757932,40.2599447792612],[-73.9952495547441,40.2601674866202],[-73.9951355603894,40.2605542864449]]}},{"type":"Feature","id":115650,"properties":{"OBJECTID":115650,"PRIMENAME":"Norwood Avenue","ELEVTYP_F":0,"ELEVTYP_T":0},"geometry":{"type":"LineString","coordinates":[[-74.0010194141928,40.2392048395024],[-74.0010021756787,40.2393181438557],[-74.0009338034391,40.2397360584827],[-74.0008679835376,40.2402208036259]]}},{"type":"Feature","id":116957,"properties":{"OBJECTID":116957,"PRIMENAME":"Drummond Road","ELEVTYP_F":0,"ELEVTYP_T":0},"geometry":{"type":"LineString","coordinates":[[-74.0047148487284,40.2454942123257],[-74.0060252481023,40.2457097140734]]}},{"type":"Feature","id":117200,"properties":{"OBJECTID":117200,"PRIMENAME":"Wilson Avenue","ELEVTYP_F":0,"ELEVTYP_T":0},"geometry":{"type":"LineString","coordinates":[[-74.0028786957811,40.2615531961166],[-74.0029220039791,40.2612859687946],[-74.0030118696616,40.2607285800048]]}},{"type":"Feature","id":117855,"properties":{"OBJECTID":117855,"PRIMENAME":"Almyr Avenue","ELEVTYP_F":0,"ELEVTYP_T":0},"geometry":{"type":"LineString","coordinates":[[-73.9984229273901,40.2526189704974],[-73.9983964381456,40.2527128256641],[-73.9979557007482,40.2542741588054],[-73.9979384312133,40.2543322001752]]}},{"type":"Feature","id":119475,"properties":{"OBJECTID":119475,"PRIMENAME":"Page Avenue","ELEVTYP_F":0,"ELEVTYP_T":0},"geometry":{"type":"LineString","coordinates":[[-74.0035687257576,40.2385929352785],[-74.0037858617121,40.2377756759246],[-74.0038135339728,40.2376798752877]]}},{"type":"Feature","id":120944,"properties":{"OBJECTID":120944,"PRIMENAME":"Norwood Avenue","ELEVTYP_F":0,"ELEVTYP_T":0},"geometry":{"type":"LineString","coordinates":[[-74.0010539796539,40.238686133091],[-74.0010574956397,40.2387750450004],[-74.0010567345521,40.2388787292258],[-74.0010511762065,40.2389966404214],[-74.0010194141928,40.2392048395024]]}},{"type":"Feature","id":123589,"properties":{"OBJECTID":123589,"PRIMENAME":"Berger Avenue","ELEVTYP_F":0,"ELEVTYP_T":0},"geometry":{"type":"LineString","coordinates":[[-74.0072590498131,40.2635371841049],[-74.0068625904173,40.2634999722072],[-74.0060811252696,40.2634276521424]]}},{"type":"Feature","id":126157,"properties":{"OBJECTID":126157,"PRIMENAME":"Roseld Avenue","ELEVTYP_F":0,"ELEVTYP_T":0},"geometry":{"type":"LineString","coordinates":[[-74.0007123844967,40.2469382213408],[-74.0009872221,40.2469830556999],[-74.0012174682223,40.247020614395]]}},{"type":"Feature","id":127383,"properties":{"OBJECTID":127383,"PRIMENAME":"Unnamed Segment","ELEVTYP_F":0,"ELEVTYP_T":0},"geometry":{"type":"LineString","coordinates":[[-74.0044232452093,40.2544927957232],[-74.0044214376997,40.254740568975],[-74.0044191952474,40.2550479598559],[-74.0043042860193,40.2550855271008],[-74.0040674699202,40.255072802039],[-74.0036394543689,40.2550797502943],[-74.0034712233725,40.2550936653079]]}},{"type":"Feature","id":128684,"properties":{"OBJECTID":128684,"PRIMENAME":"Berger Avenue","ELEVTYP_F":0,"ELEVTYP_T":0},"geometry":{"type":"LineString","coordinates":[[-74.0060811252696,40.2634276521424],[-74.005925348488,40.2634132313111],[-74.0053147745942,40.2633567081851]]}},{"type":"Feature","id":130002,"properties":{"OBJECTID":130002,"PRIMENAME":"Roseld Avenue","ELEVTYP_F":0,"ELEVTYP_T":0},"geometry":{"type":"LineString","coordinates":[[-74.007989539123,40.2481377588028],[-74.0094257075671,40.2483694327658],[-74.0096829307073,40.2484120633541]]}},{"type":"Feature","id":130074,"properties":{"OBJECTID":130074,"PRIMENAME":"Philips Avenue","ELEVTYP_F":0,"ELEVTYP_T":0},"geometry":{"type":"LineString","coordinates":[[-74.0032061699573,40.2545480372039],[-74.003415405858,40.2545360296117],[-74.0034570609196,40.2545342430981]]}},{"type":"Feature","id":131280,"properties":{"OBJECTID":131280,"PRIMENAME":"Unnamed Segment","ELEVTYP_F":0,"ELEVTYP_T":0},"geometry":{"type":"LineString","coordinates":[[-74.0016674189638,40.2575721664073],[-74.001611420805,40.2579921670826],[-74.0016304214098,40.2580601670989],[-74.0016504200677,40.2580951674705],[-74.0017384200562,40.2582041665018],[-74.0017784204298,40.2582431672558],[-74.0018104184906,40.2582531672854],[-74.0019814201262,40.2582631666562]]}},{"type":"Feature","id":131477,"properties":{"OBJECTID":131477,"PRIMENAME":"South Elberon Square","ELEVTYP_F":0,"ELEVTYP_T":0},"geometry":{"type":"LineString","coordinates":[[-73.9916807068689,40.2624299033069],[-73.9916535831839,40.2624944409746],[-73.9916091893147,40.2626134163086],[-73.9915197591372,40.2629132414592],[-73.9912641839804,40.263817686314],[-73.9911430747799,40.2642032149233],[-73.991125141228,40.264243622665],[-73.9911131859067,40.2642705611595]]}},{"type":"Feature","id":131529,"properties":{"OBJECTID":131529,"PRIMENAME":"Alley B","ELEVTYP_F":0,"ELEVTYP_T":0},"geometry":{"type":"LineString","coordinates":[[-74.001160659375,40.2538362358179],[-74.0011319235469,40.2546072197063],[-74.0011299142372,40.2546612103979]]}},{"type":"Feature","id":131710,"properties":{"OBJECTID":131710,"PRIMENAME":"Parker Avenue","ELEVTYP_F":0,"ELEVTYP_T":0},"geometry":{"type":"LineString","coordinates":[[-74.0036816888127,40.2511530409784],[-74.0037921922273,40.2511714416817],[-74.0055759734261,40.2514684510611]]}},{"type":"Feature","id":132111,"properties":{"OBJECTID":132111,"PRIMENAME":"Unnamed Segment","ELEVTYP_F":0,"ELEVTYP_T":0},"geometry":{"type":"LineString","coordinates":[[-74.0017468089014,40.2413972001503],[-74.0016606993059,40.2418115297003],[-74.0013699540864,40.2417689719354],[-74.0009110253009,40.2416946621225],[-74.000768114391,40.2416715209731]]}},{"type":"Feature","id":132343,"properties":{"OBJECTID":132343,"PRIMENAME":"Elberon Boulevard","ELEVTYP_F":0,"ELEVTYP_T":0},"geometry":{"type":"LineString","coordinates":[[-74.0027291122583,40.2607033716165],[-74.0025582511869,40.2608364119696],[-74.0024453672445,40.2609598462965],[-74.0023199786916,40.2610927530526],[-74.0022070226364,40.2612209360297],[-74.0020504262911,40.2613680107757],[-74.0019382768915,40.2614642972476]]}},{"type":"Feature","id":132449,"properties":{"OBJECTID":132449,"PRIMENAME":"Unnamed Segment","ELEVTYP_F":0,"ELEVTYP_T":0},"geometry":{"type":"LineString","coordinates":[[-74.0062451502858,40.258854445252],[-74.0062394207071,40.2587421665238],[-74.0061634211859,40.2572461675419],[-74.0061524213894,40.2571481670387]]}},{"type":"Feature","id":134039,"properties":{"OBJECTID":134039,"PRIMENAME":"Grant Avenue","ELEVTYP_F":0,"ELEVTYP_T":0},"geometry":{"type":"LineString","coordinates":[[-74.0044232452093,40.2544927957232],[-74.004657564045,40.2544827423604],[-74.0055784682453,40.2544438268338],[-74.0058460023048,40.2544354161764],[-74.0059907176112,40.2544259555885],[-74.006051370823,40.2544219903711],[-74.0061640101597,40.2544185730151]]}},{"type":"Feature","id":134815,"properties":{"OBJECTID":134815,"PRIMENAME":"Atlantic Avenue","ELEVTYP_F":0,"ELEVTYP_T":0},"geometry":{"type":"LineString","coordinates":[[-74.0044369212126,40.2418382061929],[-74.0043489841411,40.242087399875],[-74.0042727650554,40.2423015311801],[-74.004246860825,40.2424396428356],[-74.0042581799022,40.2425969657352],[-74.0043192903307,40.2427449764443],[-74.0043558523528,40.2428452241149],[-74.004360611023,40.2428607278543]]}},{"type":"Feature","id":142146,"properties":{"OBJECTID":142146,"PRIMENAME":"Unnamed Segment","ELEVTYP_F":0,"ELEVTYP_T":0},"geometry":{"type":"LineString","coordinates":[[-74.0001404591103,40.2586700491189],[-74.0010413121233,40.2587317216226],[-74.0011159568443,40.2586870940001],[-74.0011247914407,40.2585492872463],[-74.001082473692,40.2584532120003],[-74.0009907963328,40.2582423936493],[-74.0007561675538,40.2582084885114],[-74.0006882626637,40.2581694958031],[-74.0006430753358,40.2581325375137],[-74.0002020873818,40.2580832633308]]}},{"type":"Feature","id":146850,"properties":{"OBJECTID":146850,"PRIMENAME":"Page Avenue","ELEVTYP_F":0,"ELEVTYP_T":0},"geometry":{"type":"LineString","coordinates":[[-74.0012174682223,40.247020614395],[-74.0012449361249,40.2469234140218],[-74.0012658718742,40.2468493281017],[-74.0013672853878,40.2464909767021],[-74.0014368767417,40.2462450704597],[-74.0014911477684,40.2460533020581]]}},{"type":"Feature","id":147381,"properties":{"OBJECTID":147381,"PRIMENAME":"Lawrence Avenue","ELEVTYP_F":0,"ELEVTYP_T":0},"geometry":{"type":"LineString","coordinates":[[-74.0009507108222,40.2622227767266],[-74.0010859957528,40.2622360432147],[-74.0027417496046,40.2623984947926]]}},{"type":"Feature","id":147870,"properties":{"OBJECTID":147870,"PRIMENAME":"Alley B","ELEVTYP_F":0,"ELEVTYP_T":0},"geometry":{"type":"LineString","coordinates":[[-74.0011888296136,40.2530787827729],[-74.0011861989633,40.2531490494201],[-74.001160659375,40.2538362358179]]}},{"type":"Feature","id":150013,"properties":{"OBJECTID":150013,"PRIMENAME":"Roseld Avenue","ELEVTYP_F":0,"ELEVTYP_T":0},"geometry":{"type":"LineString","coordinates":[[-74.0012613742614,40.2470278044921],[-74.0014443707874,40.2470576646635]]}},{"type":"Feature","id":150395,"properties":{"OBJECTID":150395,"PRIMENAME":"Holley Terrace","ELEVTYP_F":0,"ELEVTYP_T":0},"geometry":{"type":"LineString","coordinates":[[-74.0055759734261,40.2514684510611],[-74.0055431761185,40.2515983525951],[-74.0055237130023,40.2517126359128],[-74.0055043182516,40.2518126718935],[-74.0055095792243,40.2519366142028],[-74.0055273441907,40.252065359144],[-74.0055513102453,40.252198906802],[-74.0055779025504,40.2522969038083],[-74.0055875634285,40.252332507847],[-74.0055994088976,40.2524231239389],[-74.0056046707843,40.2525518154424],[-74.0055786963178,40.2527042294125],[-74.0055274046949,40.252913690507],[-74.0055110458439,40.25298046707]]}},{"type":"Feature","id":150672,"properties":{"OBJECTID":150672,"PRIMENAME":"Monmouth Drive","ELEVTYP_F":0,"ELEVTYP_T":0},"geometry":{"type":"LineString","coordinates":[[-73.9982444146052,40.2419124677892],[-73.99852275911,40.2419616878362],[-73.9987464385505,40.2419912070615],[-73.9989887123292,40.2420303606226],[-73.9992496142052,40.2420744254532],[-73.9995027809683,40.2420986352747]]}},{"type":"Feature","id":150826,"properties":{"OBJECTID":150826,"PRIMENAME":"Elberon Boulevard","ELEVTYP_F":0,"ELEVTYP_T":0},"geometry":{"type":"LineString","coordinates":[[-74.0031679810191,40.2598929163813],[-74.0031939985969,40.2598239849827],[-74.0033016242612,40.258713947118]]}},{"type":"Feature","id":151751,"properties":{"OBJECTID":151751,"PRIMENAME":"FR RT 71 SB to ROSELD AVE","ELEVTYP_F":0,"ELEVTYP_T":0},"geometry":{"type":"LineString","coordinates":[[-74.0006825503546,40.2472490448184],[-74.0007126363018,40.2472276365693],[-74.0007437644584,40.2472071218545],[-74.0007758896567,40.2471875304405],[-74.0008089652826,40.2471688907544],[-74.000842943343,40.2471512298422],[-74.0008777745354,40.2471345733297],[-74.0009134083196,40.2471189453853],[-74.0009497929909,40.2471043686849],[-74.0009868757553,40.2470908643791],[-74.0010246028059,40.2470784520624],[-74.0010629194011,40.2470671497451],[-74.0011017699438,40.2470569738264],[-74.0011410980624,40.2470479390716],[-74.0011808466923,40.2470400585899],[-74.001220958159,40.2470333438157],[-74.0012613742614,40.2470278044921]]}},{"type":"Feature","id":152331,"properties":{"OBJECTID":152331,"PRIMENAME":"Richmond Avenue","ELEVTYP_F":0,"ELEVTYP_T":0},"geometry":{"type":"LineString","coordinates":[[-74.00301915072,40.2405717605594],[-74.0032777447756,40.2396517333298],[-74.0032998448851,40.2395735340886]]}},{"type":"Feature","id":153682,"properties":{"OBJECTID":153682,"PRIMENAME":"Lakeview Road","ELEVTYP_F":0,"ELEVTYP_T":0},"geometry":{"type":"LineString","coordinates":[[-74.0024656080456,40.2425644014855],[-74.0025920843143,40.2426100514199],[-74.0026537239335,40.2426324132782],[-74.0027285706472,40.2426697243739],[-74.0028272671924,40.2427189203994],[-74.0030191590512,40.2428436645955],[-74.0031675611371,40.2429587233522],[-74.0033159307442,40.2430832802074],[-74.0034084826357,40.2431837684441],[-74.0034948376441,40.2432842030005],[-74.0035996475523,40.2434133497387],[-74.0036671633448,40.2435328100959],[-74.0037405654015,40.2436999255976],[-74.0037728905495,40.2437867308339]]}},{"type":"Feature","id":154247,"properties":{"OBJECTID":154247,"PRIMENAME":"Deal Esplanade","ELEVTYP_F":0,"ELEVTYP_T":0},"geometry":{"type":"LineString","coordinates":[[-74.0007325175263,40.2447783839631],[-74.0005855666859,40.2447777499229],[-74.0004053330025,40.2447579472516],[-74.0002501030679,40.2447238947525],[-74.000045148572,40.2446848789363],[-73.9998092026097,40.2446266761231],[-73.9995981914875,40.244568580645],[-73.9993995758576,40.2445105104792],[-73.9991884588168,40.2444619401429],[-73.9990270313042,40.2444231099713],[-73.998862806237,40.2443895931004]]}},{"type":"Feature","id":154330,"properties":{"OBJECTID":154330,"PRIMENAME":"Norwood Avenue","ELEVTYP_F":0,"ELEVTYP_T":0},"geometry":{"type":"LineString","coordinates":[[-74.0020014343269,40.2597824659051],[-74.0019007888972,40.2600428704182],[-74.0017812076099,40.2603398665382],[-74.0015666190237,40.2606606694897],[-74.0014940932551,40.2606984110306],[-74.001340744708,40.2606735341841],[-74.0010119546283,40.2605579568775],[-74.000687556339,40.2604596939338],[-74.0001865967774,40.260422935921],[-73.999977580829,40.2604140242668]]}},{"type":"Feature","id":155291,"properties":{"OBJECTID":155291,"PRIMENAME":"Holley Terrace","ELEVTYP_F":0,"ELEVTYP_T":0},"geometry":{"type":"LineString","coordinates":[[-74.0055966769866,40.2477467154415],[-74.0055767740434,40.2478381020406],[-74.005544601964,40.2479857125201],[-74.0055250353636,40.2481095218114],[-74.0055178662847,40.2482429644508],[-74.0055353500141,40.2483955371842],[-74.0055531834911,40.2485147561494],[-74.0056081400248,40.2486579626178],[-74.0056877504493,40.2488299074274],[-74.0057775353963,40.249007084364]]}},{"type":"Feature","id":155583,"properties":{"OBJECTID":155583,"PRIMENAME":"Darlington Road","ELEVTYP_F":0,"ELEVTYP_T":0},"geometry":{"type":"LineString","coordinates":[[-74.0007172087194,40.2459306581124],[-74.001377607207,40.2460348320313],[-74.0014911477684,40.2460533020581]]}},{"type":"Feature","id":156283,"properties":{"OBJECTID":156283,"PRIMENAME":"Ocean Place","ELEVTYP_F":0,"ELEVTYP_T":0},"geometry":{"type":"LineString","coordinates":[[-73.994967611313,40.2371808243391],[-73.9948254849486,40.2376177410076]]}},{"type":"Feature","id":156437,"properties":{"OBJECTID":156437,"PRIMENAME":"Runyan Avenue","ELEVTYP_F":0,"ELEVTYP_T":0},"geometry":{"type":"LineString","coordinates":[[-74.002428565825,40.2495661031939],[-74.0025364609383,40.2495881172595],[-74.0028717758744,40.2496658210909],[-74.0030771496797,40.249713584563],[-74.003130081774,40.249689401997],[-74.0031938055073,40.2489852136763]]}},{"type":"Feature","id":157257,"properties":{"OBJECTID":157257,"PRIMENAME":"Roosevelt Avenue","ELEVTYP_F":0,"ELEVTYP_T":0},"geometry":{"type":"LineString","coordinates":[[-74.0097382293675,40.2605231311065],[-74.0092050423634,40.2604715938664],[-74.0077504335342,40.2603364178755]]}},{"type":"Feature","id":164045,"properties":{"OBJECTID":164045,"PRIMENAME":"Overbrook Avenue","ELEVTYP_F":0,"ELEVTYP_T":0},"geometry":{"type":"LineString","coordinates":[[-74.0048230663126,40.2600514092888],[-74.0048175634422,40.2599857471528],[-74.0048165716874,40.2599739108864],[-74.0047369838367,40.2590259447219]]}},{"type":"Feature","id":167078,"properties":{"OBJECTID":167078,"PRIMENAME":"Crosby Avenue","ELEVTYP_F":0,"ELEVTYP_T":0},"geometry":{"type":"LineString","coordinates":[[-74.0057775353963,40.249007084364],[-74.0056990218534,40.2489943675927],[-74.0052330831689,40.248911365264],[-74.0038911682757,40.2486911350781],[-74.0037721858423,40.2486716002005]]}},{"type":"Feature","id":167667,"properties":{"OBJECTID":167667,"PRIMENAME":"Sydney Avenue","ELEVTYP_F":0,"ELEVTYP_T":0},"geometry":{"type":"LineString","coordinates":[[-74.00301915072,40.2405717605594],[-74.0031412832878,40.2405994085347],[-74.0039054923645,40.240707554184],[-74.004669563449,40.2408299706701],[-74.004793223252,40.2408497984448]]}},{"type":"Feature","id":168858,"properties":{"OBJECTID":168858,"PRIMENAME":"Page Avenue","ELEVTYP_F":0,"ELEVTYP_T":0},"geometry":{"type":"LineString","coordinates":[[-74.0034400733214,40.2390769585498],[-74.0034405414354,40.2390753006286],[-74.0035687257576,40.2385929352785]]}},{"type":"Feature","id":169779,"properties":{"OBJECTID":169779,"PRIMENAME":"Morgan Avenue","ELEVTYP_F":0,"ELEVTYP_T":0},"geometry":{"type":"LineString","coordinates":[[-74.0000626574828,40.2579058048414],[-73.9999445926644,40.2578811091917],[-73.9964787431721,40.2571559441025],[-73.9963777112222,40.257134778376]]}},{"type":"Feature","id":175447,"properties":{"OBJECTID":175447,"PRIMENAME":"Lawrence Avenue","ELEVTYP_F":0,"ELEVTYP_T":0},"geometry":{"type":"LineString","coordinates":[[-73.9922593687062,40.2613146763234],[-73.9923821843198,40.2613416793239],[-73.9931213130565,40.2615022209879],[-73.9933325497446,40.2615412495219],[-73.9935249163586,40.2615831051268]]}},{"type":"Feature","id":182722,"properties":{"OBJECTID":182722,"PRIMENAME":"Blanchard Parkway","ELEVTYP_F":0,"ELEVTYP_T":0},"geometry":{"type":"LineString","coordinates":[[-74.0092218225023,40.2409275485029],[-74.0093324690718,40.2409538226639],[-74.0112236020998,40.2414026833598]]}},{"type":"Feature","id":184234,"properties":{"OBJECTID":184234,"PRIMENAME":"South Elberon Square","ELEVTYP_F":0,"ELEVTYP_T":0},"geometry":{"type":"LineString","coordinates":[[-73.9917897283723,40.2622967345238],[-73.9917606114841,40.2623233347314],[-73.9916915635156,40.2624040704362],[-73.9916807068689,40.2624299033069]]}},{"type":"Feature","id":185562,"properties":{"OBJECTID":185562,"PRIMENAME":"Philips Avenue","ELEVTYP_F":0,"ELEVTYP_T":0},"geometry":{"type":"LineString","coordinates":[[-74.0030001386646,40.2545598591334],[-74.0032061699573,40.2545480372039]]}},{"type":"Feature","id":186866,"properties":{"OBJECTID":186866,"PRIMENAME":"Richmond Avenue","ELEVTYP_F":0,"ELEVTYP_T":0},"geometry":{"type":"LineString","coordinates":[[-74.0032998448851,40.2395735340886],[-74.0034400733214,40.2390769585498]]}},{"type":"Feature","id":186906,"properties":{"OBJECTID":186906,"PRIMENAME":"Wilson Avenue","ELEVTYP_F":0,"ELEVTYP_T":0},"geometry":{"type":"LineString","coordinates":[[-74.0026290829649,40.2630936236431],[-74.0026418447014,40.2630148353153],[-74.0027417496046,40.2623984947926]]}},{"type":"Feature","id":188342,"properties":{"OBJECTID":188342,"PRIMENAME":"Grant Avenue","ELEVTYP_F":0,"ELEVTYP_T":0},"geometry":{"type":"LineString","coordinates":[[-74.0072548283487,40.2545316591799],[-74.0076115553062,40.2545859411826],[-74.0091961311072,40.2548166560408],[-74.0094507540049,40.2548546584023]]}},{"type":"Feature","id":188418,"properties":{"OBJECTID":188418,"PRIMENAME":"Washington Drive","ELEVTYP_F":0,"ELEVTYP_T":0},"geometry":{"type":"LineString","coordinates":[[-74.0037721858423,40.2486716002005],[-74.0037579177216,40.2490504085401],[-74.0037210416469,40.2498414274842],[-74.0037187255276,40.2499182569298]]}},{"type":"Feature","id":191018,"properties":{"OBJECTID":191018,"PRIMENAME":"Monmouth Drive","ELEVTYP_F":0,"ELEVTYP_T":0},"geometry":{"type":"LineString","coordinates":[[-74.0038217463317,40.2440333257148],[-74.0038299020933,40.2441822345343],[-74.0038284754666,40.2443776342954],[-74.0038207104962,40.2445873094571],[-74.0038011760953,40.244701592316],[-74.0036778027885,40.2450536065918]]}},{"type":"Feature","id":191154,"properties":{"OBJECTID":191154,"PRIMENAME":"Roosevelt Avenue","ELEVTYP_F":0,"ELEVTYP_T":0},"geometry":{"type":"LineString","coordinates":[[-74.0000583252189,40.2595945690641],[-74.0000105681335,40.2595886525249],[-73.9998996475179,40.259566759942]]}},{"type":"Feature","id":192144,"properties":{"OBJECTID":192144,"PRIMENAME":"Roseld Avenue","ELEVTYP_F":0,"ELEVTYP_T":0},"geometry":{"type":"LineString","coordinates":[[-74.0012174682223,40.247020614395],[-74.0012613742614,40.2470278044921]]}},{"type":"Feature","id":192783,"properties":{"OBJECTID":192783,"PRIMENAME":"Darlington Road","ELEVTYP_F":0,"ELEVTYP_T":0},"geometry":{"type":"LineString","coordinates":[[-74.0014911477684,40.2460533020581],[-74.0027033790023,40.2462505195652],[-74.0029120616561,40.2462844687319],[-74.0030394148139,40.246305220312]]}},{"type":"Feature","id":192976,"properties":{"OBJECTID":192976,"PRIMENAME":"Lawrence Avenue","ELEVTYP_F":0,"ELEVTYP_T":0},"geometry":{"type":"LineString","coordinates":[[-74.0080122589054,40.2628900449385],[-74.0081174668708,40.2628904921867],[-74.0084722486175,40.2628681708324],[-74.0092378176752,40.2628237632899]]}},{"type":"Feature","id":193101,"properties":{"OBJECTID":193101,"PRIMENAME":"Pleasant Place","ELEVTYP_F":0,"ELEVTYP_T":0},"geometry":{"type":"LineString","coordinates":[[-73.9991389203561,40.2603774574694],[-73.998838622467,40.2612195469491]]}},{"type":"Feature","id":193395,"properties":{"OBJECTID":193395,"PRIMENAME":"Pleasant Place","ELEVTYP_F":0,"ELEVTYP_T":0},"geometry":{"type":"LineString","coordinates":[[-73.999462517825,40.2594700499335],[-73.9994282698669,40.2595660674828],[-73.9992870952743,40.2599619496831],[-73.9991389203561,40.2603774574694]]}},{"type":"Feature","id":193397,"properties":{"OBJECTID":193397,"PRIMENAME":"Philips Avenue","ELEVTYP_F":0,"ELEVTYP_T":0},"geometry":{"type":"LineString","coordinates":[[-74.0004489185524,40.2546959097234],[-74.0006553146342,40.2546849513449],[-74.0008826350785,40.2546728813591],[-74.0011299142372,40.2546612103979]]}},{"type":"Feature","id":194231,"properties":{"OBJECTID":194231,"PRIMENAME":"Norwood Avenue","ELEVTYP_F":0,"ELEVTYP_T":0},"geometry":{"type":"LineString","coordinates":[[-74.0007325175263,40.2447783839631],[-74.0007244481746,40.2453793357812],[-74.0007172087194,40.2459306581124]]}},{"type":"Feature","id":197149,"properties":{"OBJECTID":197149,"PRIMENAME":"Cedar Avenue","ELEVTYP_F":0,"ELEVTYP_T":0},"geometry":{"type":"LineString","coordinates":[[-74.0035687257576,40.2385929352785],[-74.0038479822433,40.2386385779968],[-74.0053573832519,40.2388881028347],[-74.0054885567489,40.2389087311497]]}},{"type":"Feature","id":198248,"properties":{"OBJECTID":198248,"PRIMENAME":"Cambell Court","ELEVTYP_F":0,"ELEVTYP_T":0},"geometry":{"type":"LineString","coordinates":[[-74.001160659375,40.2538362358179],[-74.0006866522156,40.2538252588311],[-74.0006027039252,40.2538233150278],[-74.0004714743455,40.2538211562762]]}},{"type":"Feature","id":198846,"properties":{"OBJECTID":198846,"PRIMENAME":"Golf Road","ELEVTYP_F":0,"ELEVTYP_T":0},"geometry":{"type":"LineString","coordinates":[[-74.008576018496,40.2519629898042],[-74.0085214335455,40.251618670521]]}},{"type":"Feature","id":199502,"properties":{"OBJECTID":199502,"PRIMENAME":"Michael Avenue","ELEVTYP_F":0,"ELEVTYP_T":0},"geometry":{"type":"LineString","coordinates":[[-74.0058604167988,40.2601575545789],[-74.0058408657255,40.2602737864397],[-74.0057225759668,40.2609784758663]]}},{"type":"Feature","id":199769,"properties":{"OBJECTID":199769,"PRIMENAME":"Runyan Avenue","ELEVTYP_F":0,"ELEVTYP_T":0},"geometry":{"type":"LineString","coordinates":[[-74.0059225613494,40.2502786643655],[-74.0038198899628,40.2499347774986],[-74.0037187255276,40.2499182569298]]}},{"type":"Feature","id":199993,"properties":{"OBJECTID":199993,"PRIMENAME":"Wilson Avenue","ELEVTYP_F":0,"ELEVTYP_T":0},"geometry":{"type":"LineString","coordinates":[[-74.0027417496046,40.2623984947926],[-74.0028786957811,40.2615531961166]]}},{"type":"Feature","id":200455,"properties":{"OBJECTID":200455,"PRIMENAME":"Sheridan Avenue","ELEVTYP_F":0,"ELEVTYP_T":0},"geometry":{"type":"LineString","coordinates":[[-74.0094507540049,40.2548546584023],[-74.0094636991938,40.2548035149801],[-74.0097454482756,40.2536894587069],[-74.0097699794882,40.2536017423785]]}},{"type":"Feature","id":203928,"properties":{"OBJECTID":203928,"PRIMENAME":"Wilson Avenue","ELEVTYP_F":0,"ELEVTYP_T":0},"geometry":{"type":"LineString","coordinates":[[-74.0030526701852,40.2604756722872],[-74.0031328407987,40.2599785258275],[-74.0031370524868,40.2599524093453],[-74.0031679810191,40.2598929163813]]}},{"type":"Feature","id":205017,"properties":{"OBJECTID":205017,"PRIMENAME":"Jerome Avenue","ELEVTYP_F":0,"ELEVTYP_T":0},"geometry":{"type":"LineString","coordinates":[[-73.9998891052123,40.2612806433606],[-74.0006073326929,40.2613427124484]]}},{"type":"Feature","id":205459,"properties":{"OBJECTID":205459,"PRIMENAME":"Spier Avenue","ELEVTYP_F":0,"ELEVTYP_T":0},"geometry":{"type":"LineString","coordinates":[[-74.0038135339728,40.2376798752877],[-74.0009292408926,40.2372105291926],[-74.000778972965,40.2371761970612]]}},{"type":"Feature","id":206993,"properties":{"OBJECTID":206993,"PRIMENAME":"Lady Bees Drive","ELEVTYP_F":0,"ELEVTYP_T":0},"geometry":{"type":"LineString","coordinates":[[-74.0047148487284,40.2454942123257],[-74.0047354568972,40.2454390113214],[-74.004836956818,40.2451677776774],[-74.0049514069258,40.2448251125395],[-74.0051482030502,40.2442778680656],[-74.0053132418515,40.2438210242589],[-74.0053831546015,40.2436116145847],[-74.0054533804211,40.243364129618],[-74.0055238837465,40.2430784323001],[-74.0055751331045,40.242873718974],[-74.0056516244154,40.2426166802283],[-74.0058104219988,40.2421598098108],[-74.0058420855365,40.2420766540511]]}},{"type":"Feature","id":207761,"properties":{"OBJECTID":207761,"PRIMENAME":"Unnamed Segment","ELEVTYP_F":0,"ELEVTYP_T":0},"geometry":{"type":"LineString","coordinates":[[-74.0061524213894,40.2571481670387],[-74.0070104216963,40.2571471671154]]}},{"type":"Feature","id":208196,"properties":{"OBJECTID":208196,"PRIMENAME":"Spier Avenue","ELEVTYP_F":0,"ELEVTYP_T":0},"geometry":{"type":"LineString","coordinates":[[-74.0068158669021,40.2381537164007],[-74.0068497850978,40.2380556359438],[-74.0071229933182,40.2372656489318],[-74.0071517168921,40.2371823712361]]}},{"type":"Feature","id":208441,"properties":{"OBJECTID":208441,"PRIMENAME":"Atlantic Avenue","ELEVTYP_F":0,"ELEVTYP_T":0},"geometry":{"type":"LineString","coordinates":[[-74.0053189745742,40.2393846719559],[-74.0051435985277,40.2398768753613]]}},{"type":"Feature","id":208619,"properties":{"OBJECTID":208619,"PRIMENAME":"Larchwood Avenue","ELEVTYP_F":0,"ELEVTYP_T":0},"geometry":{"type":"LineString","coordinates":[[-74.0078184113107,40.261171860249],[-74.0078423170468,40.2613689596214],[-74.0079065122402,40.2619602256836],[-74.0079142636678,40.2620278462537]]}},{"type":"Feature","id":209370,"properties":{"OBJECTID":209370,"PRIMENAME":"Unnamed Segment","ELEVTYP_F":0,"ELEVTYP_T":0},"geometry":{"type":"LineString","coordinates":[[-74.0061524213894,40.2571481670387],[-74.0059709128359,40.2571492440794],[-74.0051404206292,40.2571541664414]]}},{"type":"Feature","id":209651,"properties":{"OBJECTID":209651,"PRIMENAME":"Sherman Avenue","ELEVTYP_F":0,"ELEVTYP_T":0},"geometry":{"type":"LineString","coordinates":[[-74.0055110458439,40.25298046707],[-74.0057445064749,40.2529908538254],[-74.0059373363924,40.2529964813691],[-74.0060010829115,40.2530005092736],[-74.0060989962296,40.2530066968534],[-74.0063289140246,40.2530410322064],[-74.0070192760441,40.2531596592536]]}},{"type":"Feature","id":211465,"properties":{"OBJECTID":211465,"PRIMENAME":"Lawrence Avenue","ELEVTYP_F":0,"ELEVTYP_T":0},"geometry":{"type":"LineString","coordinates":[[-73.9935249163586,40.2615831051268],[-73.993556149706,40.2615899130362],[-73.9938108878703,40.2616339081898],[-73.9943702080073,40.2617126153164],[-73.9946918297228,40.2617688426506]]}},{"type":"Feature","id":211781,"properties":{"OBJECTID":211781,"PRIMENAME":"Larchwood Avenue","ELEVTYP_F":0,"ELEVTYP_T":0},"geometry":{"type":"LineString","coordinates":[[-74.0080122589054,40.2628900449385],[-74.0080891409602,40.2636151114159]]}},{"type":"Feature","id":212945,"properties":{"OBJECTID":212945,"PRIMENAME":"Neptune Avenue","ELEVTYP_F":0,"ELEVTYP_T":0},"geometry":{"type":"LineString","coordinates":[[-74.0032998448851,40.2395735340886],[-74.0027762158031,40.2394873641903],[-74.0010194141928,40.2392048395024]]}},{"type":"Feature","id":212987,"properties":{"OBJECTID":212987,"PRIMENAME":"Golf Lane","ELEVTYP_F":0,"ELEVTYP_T":0},"geometry":{"type":"LineString","coordinates":[[-74.0076972387953,40.2462727090116],[-74.0078084702003,40.246893943728],[-74.0079331282595,40.2477151057501],[-74.007989539123,40.2481377588028]]}},{"type":"Feature","id":216463,"properties":{"OBJECTID":216463,"PRIMENAME":"Brighton Avenue","ELEVTYP_F":0,"ELEVTYP_T":0},"geometry":{"type":"LineString","coordinates":[[-74.0011888296136,40.2530787827729],[-74.001373037596,40.253111723146],[-74.001495102564,40.2531318519931],[-74.0016402172661,40.2531557826081],[-74.0018204381193,40.2531756103313],[-74.0019509999104,40.2531904469406],[-74.0019707157562,40.2531891321564]]}},{"type":"Feature","id":216553,"properties":{"OBJECTID":216553,"PRIMENAME":"Philips Avenue","ELEVTYP_F":0,"ELEVTYP_T":0},"geometry":{"type":"LineString","coordinates":[[-73.9979384312133,40.2543322001752],[-73.9984088113908,40.2544095697049],[-73.999440279934,40.2545617835678],[-74.0001797731208,40.2546650715889],[-74.0002849141255,40.2546826283698]]}},{"type":"Feature","id":218828,"properties":{"OBJECTID":218828,"PRIMENAME":"Parker Avenue","ELEVTYP_F":0,"ELEVTYP_T":0},"geometry":{"type":"LineString","coordinates":[[-74.008576018496,40.2519629898042],[-74.0090233434844,40.2520421124065],[-74.0100236333693,40.2522035990104],[-74.0101535756347,40.2522247932494]]}},{"type":"Feature","id":219975,"properties":{"OBJECTID":219975,"PRIMENAME":"Monmouth Drive","ELEVTYP_F":0,"ELEVTYP_T":0},"geometry":{"type":"LineString","coordinates":[[-74.0036778027885,40.2450536065918],[-74.0036360204937,40.2451727350543],[-74.0035883091175,40.2453089687388]]}},{"type":"Feature","id":220814,"properties":{"OBJECTID":220814,"PRIMENAME":"Stratford Place","ELEVTYP_F":0,"ELEVTYP_T":0},"geometry":{"type":"LineString","coordinates":[[-73.9992423722438,40.2430475805366],[-73.9991145939894,40.2435131963244],[-73.998862806237,40.2443895931004]]}},{"type":"Feature","id":222393,"properties":{"OBJECTID":222393,"PRIMENAME":"Runyan Avenue","ELEVTYP_F":0,"ELEVTYP_T":0},"geometry":{"type":"LineString","coordinates":[[-74.0083762643902,40.2506767414588],[-74.0069138508062,40.250436515139],[-74.0060207562756,40.2502947281066],[-74.0060191818106,40.2502944773057],[-74.0059225613494,40.2502786643655]]}},{"type":"Feature","id":223536,"properties":{"OBJECTID":223536,"PRIMENAME":"Richmond Avenue","ELEVTYP_F":0,"ELEVTYP_T":0},"geometry":{"type":"LineString","coordinates":[[-74.0022042352505,40.2435330603459],[-74.0024656080456,40.2425644014855]]}},{"type":"Feature","id":223816,"properties":{"OBJECTID":223816,"PRIMENAME":"Roosevelt Avenue","ELEVTYP_F":0,"ELEVTYP_T":0},"geometry":{"type":"LineString","coordinates":[[-73.9990789052414,40.2593807347253],[-73.9972554699446,40.2589561288606],[-73.9958133472067,40.2586238044508]]}},{"type":"Feature","id":224046,"properties":{"OBJECTID":224046,"PRIMENAME":"Sydney Avenue","ELEVTYP_F":0,"ELEVTYP_T":0},"geometry":{"type":"LineString","coordinates":[[-74.0008679835376,40.2402208036259],[-74.0011349900549,40.2402571763248],[-74.0029053502588,40.2405459883055],[-74.00301915072,40.2405717605594]]}},{"type":"Feature","id":225549,"properties":{"OBJECTID":225549,"PRIMENAME":"Roseld Avenue","ELEVTYP_F":0,"ELEVTYP_T":0},"geometry":{"type":"LineString","coordinates":[[-74.0005669973505,40.2469145063456],[-74.0007123844967,40.2469382213408]]}},{"type":"Feature","id":226559,"properties":{"OBJECTID":226559,"PRIMENAME":"Brighton Avenue","ELEVTYP_F":0,"ELEVTYP_T":0},"geometry":{"type":"LineString","coordinates":[[-74.0003404090648,40.2529345397512],[-74.0004988066426,40.2529595189771]]}},{"type":"Feature","id":227971,"properties":{"OBJECTID":227971,"PRIMENAME":"Queen Anne Drive","ELEVTYP_F":0,"ELEVTYP_T":0},"geometry":{"type":"LineString","coordinates":[[-74.0068064717284,40.2436447574242],[-74.006793777275,40.2437749099864],[-74.0067300320304,40.2439939001707],[-74.0066471018493,40.2442794902713],[-74.0065776056972,40.2444269429215],[-74.0065396910708,40.2445125697432],[-74.0064705405375,40.2446123659346],[-74.0064077611155,40.2446931104395],[-74.0063574139416,40.244773934958],[-74.0063193920273,40.244869087592],[-74.0060546991131,40.2456255266088],[-74.0060462849297,40.2456495736107],[-74.0060258674759,40.2457079424046],[-74.0060252481023,40.2457097140734]]}},{"type":"Feature","id":228785,"properties":{"OBJECTID":228785,"PRIMENAME":"Page Avenue","ELEVTYP_F":0,"ELEVTYP_T":0},"geometry":{"type":"LineString","coordinates":[[-74.0038135339728,40.2376798752877],[-74.0040729919432,40.2367807963151],[-74.0040957557555,40.2366999634701]]}},{"type":"Feature","id":229344,"properties":{"OBJECTID":229344,"PRIMENAME":"Darlington Road","ELEVTYP_F":0,"ELEVTYP_T":0},"geometry":{"type":"LineString","coordinates":[[-73.9985292832858,40.2455683534268],[-74.0005699559937,40.2459074295378],[-74.0007172087194,40.2459306581124]]}},{"type":"Feature","id":230502,"properties":{"OBJECTID":230502,"PRIMENAME":"Michael Avenue","ELEVTYP_F":0,"ELEVTYP_T":0},"geometry":{"type":"LineString","coordinates":[[-74.0057225759668,40.2609784758663],[-74.0055820350913,40.2618154991064]]}},{"type":"Feature","id":231431,"properties":{"OBJECTID":231431,"PRIMENAME":"South Edgemere Drive","ELEVTYP_F":0,"ELEVTYP_T":0},"geometry":{"type":"LineString","coordinates":[[-74.0094436784244,40.2392295984358],[-74.0093502408592,40.2392075079807],[-74.0091073086664,40.2391500699459],[-74.0092084374404,40.2389264866647],[-74.0092118535659,40.2389172585029]]}},{"type":"Feature","id":236368,"properties":{"OBJECTID":236368,"PRIMENAME":"Deal Esplanade","ELEVTYP_F":0,"ELEVTYP_T":0},"geometry":{"type":"LineString","coordinates":[[-74.0019340110963,40.2449408632386],[-74.0018115619698,40.2449210916628]]}},{"type":"Feature","id":237227,"properties":{"OBJECTID":237227,"PRIMENAME":"Hathaway Avenue","ELEVTYP_F":0,"ELEVTYP_T":0},"geometry":{"type":"LineString","coordinates":[[-74.0017468089014,40.2413972001503],[-74.0009037563747,40.2412570382303],[-74.0007735540981,40.2412354478995]]}},{"type":"Feature","id":237286,"properties":{"OBJECTID":237286,"PRIMENAME":"Garfield Avenue","ELEVTYP_F":0,"ELEVTYP_T":0},"geometry":{"type":"LineString","coordinates":[[-74.0057225759668,40.2609784758663],[-74.0059429049513,40.2609998789257],[-74.0069049697672,40.2610933291009],[-74.0077255916023,40.2611683086065],[-74.0078184113107,40.261171860249]]}},{"type":"Feature","id":237454,"properties":{"OBJECTID":237454,"PRIMENAME":"Atlantic Avenue","ELEVTYP_F":0,"ELEVTYP_T":0},"geometry":{"type":"LineString","coordinates":[[-74.0051435985277,40.2398768753613],[-74.004964626416,40.2403790100399],[-74.004793223252,40.2408497984448]]}},{"type":"Feature","id":239971,"properties":{"OBJECTID":239971,"PRIMENAME":"Deal Esplanade","ELEVTYP_F":0,"ELEVTYP_T":0},"geometry":{"type":"LineString","coordinates":[[-74.0019340110963,40.2449408632386],[-74.0020269481079,40.2449936693334],[-74.0020823815413,40.24506542164],[-74.0021255231324,40.245113264194],[-74.0021937033026,40.2451516889891],[-74.0023054802891,40.2451759977568],[-74.0027713882147,40.2452542364118],[-74.003355308126,40.2453520855158],[-74.0035610871538,40.2453865695584]]}},{"type":"Feature","id":240111,"properties":{"OBJECTID":240111,"PRIMENAME":"North Edgemere Drive","ELEVTYP_F":0,"ELEVTYP_T":0},"geometry":{"type":"LineString","coordinates":[[-74.0092638835618,40.240053642949],[-74.0092709328701,40.2400051367859],[-74.0093098393312,40.2397812905051],[-74.0093676848902,40.2395193650216],[-74.0094188509391,40.2393242037689],[-74.0094436784244,40.2392295984358]]}},{"type":"Feature","id":240640,"properties":{"OBJECTID":240640,"PRIMENAME":"Berger Avenue","ELEVTYP_F":0,"ELEVTYP_T":0},"geometry":{"type":"LineString","coordinates":[[-74.0026290829649,40.2630936236431],[-74.0021501423029,40.2630461031454],[-74.0002601785566,40.2628663803179],[-74.0000447119036,40.2628458754989]]}},{"type":"Feature","id":240730,"properties":{"OBJECTID":240730,"PRIMENAME":"Unnamed Segment","ELEVTYP_F":0,"ELEVTYP_T":0},"geometry":{"type":"LineString","coordinates":[[-74.0034570609196,40.2545342430981],[-74.0034712233725,40.2550936653079]]}},{"type":"Feature","id":240945,"properties":{"OBJECTID":240945,"PRIMENAME":"Poplar Avenue","ELEVTYP_F":0,"ELEVTYP_T":0},"geometry":{"type":"LineString","coordinates":[[-73.9974637605234,40.25592492772],[-73.9976387800423,40.2559122902314],[-73.9992998118,40.2558956608967],[-73.9994179795159,40.2559009483318],[-73.9995484743528,40.255920564488],[-74.0001260357334,40.2560469804437],[-74.0002410609929,40.2560702352312]]}},{"type":"Feature","id":241659,"properties":{"OBJECTID":241659,"PRIMENAME":"Main Street","ELEVTYP_F":0,"ELEVTYP_T":0},"geometry":{"type":"LineString","coordinates":[[-74.0054047821553,40.2391438508181],[-74.0053189745742,40.2393846719559]]}},{"type":"Feature","id":241724,"properties":{"OBJECTID":241724,"PRIMENAME":"Norwood Avenue","ELEVTYP_F":0,"ELEVTYP_T":0},"geometry":{"type":"LineString","coordinates":[[-74.000778972965,40.2371761970612],[-74.0008831472733,40.2377412594287],[-74.0009642711726,40.2381673132525]]}},{"type":"Feature","id":242294,"properties":{"OBJECTID":242294,"PRIMENAME":"Washington Drive","ELEVTYP_F":0,"ELEVTYP_T":0},"geometry":{"type":"LineString","coordinates":[[-74.0038657992814,40.2474550660627],[-74.0038559383372,40.2475542915799],[-74.0037888037204,40.2482307865675],[-74.0037721858423,40.2486716002005]]}},{"type":"Feature","id":245769,"properties":{"OBJECTID":245769,"PRIMENAME":"Candy Lane","ELEVTYP_F":0,"ELEVTYP_T":0},"geometry":{"type":"LineString","coordinates":[[-73.9922593687062,40.2613146763234],[-73.9922261720099,40.2614077583397],[-73.9920291854287,40.2619597282211],[-73.9919723234148,40.2620738448373],[-73.9919156385391,40.2621736866869],[-73.9918991898348,40.2621900308562],[-73.9918153093559,40.2622733647714]]}},{"type":"Feature","id":245826,"properties":{"OBJECTID":245826,"PRIMENAME":"Golf Road","ELEVTYP_F":0,"ELEVTYP_T":0},"geometry":{"type":"LineString","coordinates":[[-74.0088115628365,40.2534489966463],[-74.0087961422431,40.2533518043718],[-74.008576018496,40.2519629898042]]}},{"type":"Feature","id":247921,"properties":{"OBJECTID":247921,"PRIMENAME":"Roosevelt Avenue","ELEVTYP_F":0,"ELEVTYP_T":0},"geometry":{"type":"LineString","coordinates":[[-74.0020014343269,40.2597824659051],[-74.0016392935289,40.259748174969],[-74.0002094388171,40.2596133125418],[-74.0000583252189,40.2595945690641]]}},{"type":"Feature","id":248581,"properties":{"OBJECTID":248581,"PRIMENAME":"Main Street","ELEVTYP_F":0,"ELEVTYP_T":0},"geometry":{"type":"LineString","coordinates":[[-74.0061749900267,40.2369890055356],[-74.006116245419,40.2371563781089],[-74.0058469892954,40.2379235134695],[-74.0058199061954,40.2379978208801]]}},{"type":"Feature","id":250355,"properties":{"OBJECTID":250355,"PRIMENAME":"Roseld Avenue","ELEVTYP_F":0,"ELEVTYP_T":0},"geometry":{"type":"LineString","coordinates":[[-74.0038657992814,40.2474550660627],[-74.0053003508576,40.2476967870658]]}},{"type":"Feature","id":251742,"properties":{"OBJECTID":251742,"PRIMENAME":"Woodford Road","ELEVTYP_F":0,"ELEVTYP_T":0},"geometry":{"type":"LineString","coordinates":[[-74.0037728905495,40.2437867308339],[-74.0036157350673,40.2437613227878],[-74.0022042352505,40.2435330603459]]}},{"type":"Feature","id":253460,"properties":{"OBJECTID":253460,"PRIMENAME":"Cedar Avenue","ELEVTYP_F":0,"ELEVTYP_T":0},"geometry":{"type":"LineString","coordinates":[[-73.9979305029588,40.2376676267047],[-73.9994625591055,40.2379238592101],[-74.0009642711726,40.2381673132525]]}},{"type":"Feature","id":255343,"properties":{"OBJECTID":255343,"PRIMENAME":"Brighton Avenue","ELEVTYP_F":0,"ELEVTYP_T":0},"geometry":{"type":"LineString","coordinates":[[-74.0019707157562,40.2531891321564],[-74.0020816995501,40.2531815109441],[-74.0023056335658,40.2531436600586]]}},{"type":"Feature","id":255491,"properties":{"OBJECTID":255491,"PRIMENAME":"Wyckoff Street","ELEVTYP_F":0,"ELEVTYP_T":0},"geometry":{"type":"LineString","coordinates":[[-74.0029749915482,40.2554553009633],[-74.0028861432324,40.255453601663],[-74.0005724053872,40.2554102572714],[-74.0004253082937,40.2554070419539]]}},{"type":"Feature","id":256336,"properties":{"OBJECTID":256336,"PRIMENAME":"Philips Avenue","ELEVTYP_F":0,"ELEVTYP_T":0},"geometry":{"type":"LineString","coordinates":[[-74.0002849141255,40.2546826283698],[-74.0003847940462,40.2546993112139],[-74.0004489185524,40.2546959097234]]}},{"type":"Feature","id":256601,"properties":{"OBJECTID":256601,"PRIMENAME":"North Edgemere Drive","ELEVTYP_F":0,"ELEVTYP_T":0},"geometry":{"type":"LineString","coordinates":[[-74.0092218225023,40.2409275485029],[-74.0092209384537,40.2408961664153],[-74.0092162536079,40.2406816616974],[-74.0092113977106,40.2404910113149],[-74.0092316093769,40.2402766112562],[-74.0092638835618,40.240053642949]]}},{"type":"Feature","id":256624,"properties":{"OBJECTID":256624,"PRIMENAME":"Holley Terrace","ELEVTYP_F":0,"ELEVTYP_T":0},"geometry":{"type":"LineString","coordinates":[[-74.0059225613494,40.2502786643655],[-74.005811191149,40.2506701260297],[-74.0056008390546,40.2513698110485],[-74.0055759734261,40.2514684510611]]}},{"type":"Feature","id":256840,"properties":{"OBJECTID":256840,"PRIMENAME":"Brighton Avenue","ELEVTYP_F":0,"ELEVTYP_T":0},"geometry":{"type":"LineString","coordinates":[[-74.0032544461574,40.2530086136278],[-74.0034231809043,40.252998092081],[-74.0034452892841,40.252996713457],[-74.0036145214506,40.2529954904299]]}},{"type":"Feature","id":257588,"properties":{"OBJECTID":257588,"PRIMENAME":"Crosby Avenue","ELEVTYP_F":0,"ELEVTYP_T":0},"geometry":{"type":"LineString","coordinates":[[-74.0081871749304,40.2494028904487],[-74.0080846530428,40.2493858185198],[-74.0068483378849,40.2491804019158],[-74.0060298207565,40.2490479186627],[-74.0057775353963,40.249007084364]]}},{"type":"Feature","id":258679,"properties":{"OBJECTID":258679,"PRIMENAME":"Grazi Lane","ELEVTYP_F":0,"ELEVTYP_T":0},"geometry":{"type":"LineString","coordinates":[[-73.9934987363043,40.2623310437427],[-73.9934515573825,40.2622614591347],[-73.9934024258267,40.2621802050699],[-73.9933904545947,40.2621181924254],[-73.9934034922457,40.2620372384327],[-73.9934293554905,40.2619039057601],[-73.9934931617594,40.2616897010666],[-73.9935249163586,40.2615831051268]]}},{"type":"Feature","id":259730,"properties":{"OBJECTID":259730,"PRIMENAME":"Deal Esplanade","ELEVTYP_F":0,"ELEVTYP_T":0},"geometry":{"type":"LineString","coordinates":[[-74.0036778027885,40.2450536065918],[-74.0035816814213,40.2450146512172],[-74.0034390536477,40.2449568290215],[-74.0032588887907,40.2449322539543],[-74.0026996256421,40.2448583662637],[-74.0023827544996,40.2448140964904],[-74.0023019339331,40.2448089997409],[-74.0022335116602,40.2448134546877],[-74.0021586094677,40.2448464868801],[-74.0020837086374,40.2448842961634],[-74.0019340110963,40.2449408632386]]}},{"type":"Feature","id":259869,"properties":{"OBJECTID":259869,"PRIMENAME":"Overbrook Avenue","ELEVTYP_F":0,"ELEVTYP_T":0},"geometry":{"type":"LineString","coordinates":[[-74.0047369838367,40.2590259447219],[-74.0046620797252,40.2581335342593],[-74.0045984718446,40.2574660615639]]}},{"type":"Feature","id":261489,"properties":{"OBJECTID":261489,"PRIMENAME":"Monmouth Terrace","ELEVTYP_F":0,"ELEVTYP_T":0},"geometry":{"type":"LineString","coordinates":[[-73.9950317323968,40.2392539516803],[-73.9948507412257,40.2398009744899],[-73.9947225685491,40.2402394612448]]}},{"type":"Feature","id":261568,"properties":{"OBJECTID":261568,"PRIMENAME":"Forest Street","ELEVTYP_F":0,"ELEVTYP_T":0},"geometry":{"type":"LineString","coordinates":[[-74.0085214335455,40.251618670521],[-74.0094852358124,40.2509622017151],[-74.0095991939626,40.2508845276241]]}},{"type":"Feature","id":262088,"properties":{"OBJECTID":262088,"PRIMENAME":"Unnamed Segment","ELEVTYP_F":0,"ELEVTYP_T":0},"geometry":{"type":"LineString","coordinates":[[-73.9984708786766,40.2640994273039],[-73.9987042864775,40.2636441761799],[-73.9989091681455,40.263313500564]]}},{"type":"Feature","id":262654,"properties":{"OBJECTID":262654,"PRIMENAME":"Lady Bees Drive","ELEVTYP_F":0,"ELEVTYP_T":0},"geometry":{"type":"LineString","coordinates":[[-74.0064365786563,40.2404193923533],[-74.0065899431297,40.2399992474258],[-74.0066229082559,40.2399089411668]]}},{"type":"Feature","id":264674,"properties":{"OBJECTID":264674,"PRIMENAME":"Monmouth Drive","ELEVTYP_F":0,"ELEVTYP_T":0},"geometry":{"type":"LineString","coordinates":[[-74.0035610871538,40.2453865695584],[-74.0034708627685,40.2456438504856],[-74.0033885086423,40.2458484563189],[-74.0032564664105,40.2460528218035],[-74.0030947730786,40.2462522007284],[-74.0030869864459,40.2462618026207],[-74.0030394148139,40.246305220312]]}},{"type":"Feature","id":264895,"properties":{"OBJECTID":264895,"PRIMENAME":"Jacob Lane","ELEVTYP_F":0,"ELEVTYP_T":0},"geometry":{"type":"LineString","coordinates":[[-73.9910434941087,40.2610560874616],[-73.991008714129,40.2611545706507],[-73.9908053054996,40.2617303381598]]}},{"type":"Feature","id":267848,"properties":{"OBJECTID":267848,"PRIMENAME":"Roseld Avenue","ELEVTYP_F":0,"ELEVTYP_T":0},"geometry":{"type":"LineString","coordinates":[[-74.0019946397459,40.2468712867102],[-74.0019114868919,40.2468946046666],[-74.0016220995993,40.2469753041072],[-74.0015973709914,40.2469789038542],[-74.0014094495579,40.2470062501187],[-74.0013758536416,40.2470111400979],[-74.0012613742614,40.2470278044921]]}},{"type":"Feature","id":267856,"properties":{"OBJECTID":267856,"PRIMENAME":"North Edgemere Drive","ELEVTYP_F":0,"ELEVTYP_T":0},"geometry":{"type":"LineString","coordinates":[[-74.0092977319107,40.238471238384],[-74.0092989909729,40.2384407444216],[-74.0092873189288,40.2383358266227],[-74.0092633178012,40.2382118047259],[-74.0092090863841,40.2379732878748],[-74.0091969600606,40.2379303385595]]}},{"type":"Feature","id":268182,"properties":{"OBJECTID":268182,"PRIMENAME":"Cedar Avenue","ELEVTYP_F":0,"ELEVTYP_T":0},"geometry":{"type":"LineString","coordinates":[[-74.0071619001541,40.2391719168523],[-74.0075067613278,40.239226148655]]}},{"type":"Feature","id":269027,"properties":{"OBJECTID":269027,"PRIMENAME":"Monmouth Drive","ELEVTYP_F":0,"ELEVTYP_T":0},"geometry":{"type":"LineString","coordinates":[[-73.9995027809683,40.2420986352747],[-73.9995106206969,40.2420993825058],[-73.9998586067499,40.2421390183709],[-74.0001383489228,40.2421592517178],[-74.0003806576693,40.242193680322],[-74.0006665970914,40.2422139931857],[-74.0007579428681,40.2422243801584]]}},{"type":"Feature","id":269686,"properties":{"OBJECTID":269686,"PRIMENAME":"Washington Drive","ELEVTYP_F":0,"ELEVTYP_T":0},"geometry":{"type":"LineString","coordinates":[[-74.0037187255276,40.2499182569298],[-74.0036816888127,40.2511530409784]]}},{"type":"Feature","id":272945,"properties":{"OBJECTID":272945,"PRIMENAME":"Deal Esplanade","ELEVTYP_F":0,"ELEVTYP_T":0},"geometry":{"type":"LineString","coordinates":[[-74.0018115619698,40.2449210916628],[-74.0014495128512,40.2448625141113],[-74.0008716571634,40.2447789841287],[-74.0007325175263,40.2447783839631]]}},{"type":"Feature","id":274242,"properties":{"OBJECTID":274242,"PRIMENAME":"Donnalisa Drive","ELEVTYP_F":0,"ELEVTYP_T":0},"geometry":{"type":"LineString","coordinates":[[-74.0098904220586,40.2572571664827],[-74.0099114206828,40.2575601677957],[-74.0099014223716,40.2575891664774],[-74.0098824220624,40.2576141668111],[-74.0098444231105,40.2576391677326],[-74.0097984215496,40.257652165813],[-74.0095504223496,40.2576741675344],[-74.0090004204297,40.2577191669689],[-74.0089744201627,40.2577181676943],[-74.0089264210974,40.2577041676419],[-74.008896420334,40.2576831665306],[-74.0088714219851,40.2576471680624],[-74.0088424234268,40.2573841662549],[-74.0088364210781,40.257257167803]]}},{"type":"Feature","id":274470,"properties":{"OBJECTID":274470,"PRIMENAME":"Lawrence Avenue","ELEVTYP_F":0,"ELEVTYP_T":0},"geometry":{"type":"LineString","coordinates":[[-73.9946918297228,40.2617688426506],[-73.9947057150134,40.2617712639206],[-73.9949540420018,40.2618343082189],[-73.9959292910184,40.2620387419145],[-73.9971529812955,40.2622919328561],[-73.9982524111472,40.262530186754],[-73.9983723362713,40.2625561549178]]}},{"type":"Feature","id":274911,"properties":{"OBJECTID":274911,"PRIMENAME":"Almyr Avenue","ELEVTYP_F":0,"ELEVTYP_T":0},"geometry":{"type":"LineString","coordinates":[[-73.9951355603894,40.2605542864449],[-73.9951218864085,40.2606006487943],[-73.994715563333,40.2617045983822],[-73.9946918297228,40.2617688426506]]}},{"type":"Feature","id":275169,"properties":{"OBJECTID":275169,"PRIMENAME":"Drummond Road","ELEVTYP_F":0,"ELEVTYP_T":0},"geometry":{"type":"LineString","coordinates":[[-74.0060252481023,40.2457097140734],[-74.0060540527558,40.2457144502289],[-74.0066333774543,40.2458097052948],[-74.0066608227218,40.2458142184436],[-74.0073475989677,40.2456109986075],[-74.0074427686433,40.245661183517],[-74.0075644371896,40.2457253414564],[-74.0076829450217,40.2461928717008],[-74.0076972387953,40.2462727090116]]}},{"type":"Feature","id":275356,"properties":{"OBJECTID":275356,"PRIMENAME":"Crosby Avenue","ELEVTYP_F":0,"ELEVTYP_T":0},"geometry":{"type":"LineString","coordinates":[[-74.0108219684188,40.2498358897341],[-74.0081871749304,40.2494028904487]]}},{"type":"Feature","id":276479,"properties":{"OBJECTID":276479,"PRIMENAME":"Larchwood Avenue","ELEVTYP_F":0,"ELEVTYP_T":0},"geometry":{"type":"LineString","coordinates":[[-74.0077504335342,40.2603364178755],[-74.0077308077062,40.2604486417848],[-74.0078184113107,40.261171860249]]}},{"type":"Feature","id":277572,"properties":{"OBJECTID":277572,"PRIMENAME":"Parker Avenue","ELEVTYP_F":0,"ELEVTYP_T":0},"geometry":{"type":"LineString","coordinates":[[-74.0055759734261,40.2514684510611],[-74.0060116951516,40.2515409977975],[-74.0072588900644,40.2517486420544],[-74.0073952408205,40.2517702782793]]}},{"type":"Feature","id":277710,"properties":{"OBJECTID":277710,"PRIMENAME":"Hathaway Avenue","ELEVTYP_F":0,"ELEVTYP_T":0},"geometry":{"type":"LineString","coordinates":[[-74.0027514119104,40.2415606532763],[-74.0021398723763,40.2414625454079],[-74.0017468089014,40.2413972001503]]}},{"type":"Feature","id":277720,"properties":{"OBJECTID":277720,"PRIMENAME":"Skinner Drive","ELEVTYP_F":0,"ELEVTYP_T":0},"geometry":{"type":"LineString","coordinates":[[-74.0047369838367,40.2590259447219],[-74.004836058777,40.2590065207603],[-74.0054777340051,40.2588805678409],[-74.0059584395987,40.2588642060845],[-74.0062451502858,40.258854445252]]}},{"type":"Feature","id":280245,"properties":{"OBJECTID":280245,"PRIMENAME":"North Edgemere Drive","ELEVTYP_F":0,"ELEVTYP_T":0},"geometry":{"type":"LineString","coordinates":[[-74.0092118535659,40.2389172585029],[-74.0092718607985,40.2387551784709],[-74.0092914514165,40.2386218159542],[-74.0092977319107,40.238471238384]]}},{"type":"Feature","id":280612,"properties":{"OBJECTID":280612,"PRIMENAME":"Palmer Avenue","ELEVTYP_F":0,"ELEVTYP_T":0},"geometry":{"type":"LineString","coordinates":[[-74.0110209332972,40.2396024879637],[-74.0094436784244,40.2392295984358]]}},{"type":"Feature","id":282366,"properties":{"OBJECTID":282366,"PRIMENAME":"Deal Esplanade","ELEVTYP_F":0,"ELEVTYP_T":0},"geometry":{"type":"LineString","coordinates":[[-73.998862806237,40.2443895931004],[-73.9987103040387,40.2443597789761],[-73.9985425037867,40.2443447485518],[-73.9983560395748,40.2443248616539],[-73.9982067979015,40.2443242146651],[-73.9980262494241,40.2443472876454],[-73.9978333400888,40.2443607533433],[-73.9977088894183,40.2443697396257],[-73.9975783117525,40.2443643956951],[-73.9975576509889,40.2443630162456]]}},{"type":"Feature","id":283046,"properties":{"OBJECTID":283046,"PRIMENAME":"Roosevelt Avenue","ELEVTYP_F":0,"ELEVTYP_T":0},"geometry":{"type":"LineString","coordinates":[[-74.0077504335342,40.2603364178755],[-74.0061960673626,40.2601919300295],[-74.0059489661596,40.2601666231638],[-74.0058604167988,40.2601575545789]]}},{"type":"Feature","id":283634,"properties":{"OBJECTID":283634,"PRIMENAME":"Garfield Avenue","ELEVTYP_F":0,"ELEVTYP_T":0},"geometry":{"type":"LineString","coordinates":[[-74.0078184113107,40.261171860249],[-74.0080054469852,40.2611790241874],[-74.0081984029506,40.2611703189691],[-74.0083476818602,40.2611709532919],[-74.00859040884,40.261157681745],[-74.008870470978,40.2611398189476]]}},{"type":"Feature","id":283772,"properties":{"OBJECTID":283772,"PRIMENAME":"Lincoln Gardens","ELEVTYP_F":0,"ELEVTYP_T":0},"geometry":{"type":"LineString","coordinates":[[-73.9932363432044,40.2646425232759],[-73.9932555921041,40.2645794665914],[-73.9934341196829,40.2639940327868],[-73.9934347241523,40.2639129964692],[-73.9934104944371,40.2638223530418],[-73.9933675610309,40.2637411261159],[-73.9933059225613,40.2636646214089],[-73.9932754230457,40.2635834479894],[-73.9932636999823,40.2634928872121],[-73.9932708942455,40.2633546687191],[-73.9933156416955,40.2631975908488],[-73.9934941304067,40.2626216820502],[-73.9935198160082,40.2625121774429],[-73.993539053914,40.2624359718545]]}},{"type":"Feature","id":284197,"properties":{"OBJECTID":284197,"PRIMENAME":"Roseld Avenue","ELEVTYP_F":0,"ELEVTYP_T":0},"geometry":{"type":"LineString","coordinates":[[-74.0053003508576,40.2476967870658],[-74.0055966769866,40.2477467154415]]}},{"type":"Feature","id":287670,"properties":{"OBJECTID":287670,"PRIMENAME":"Elberon Boulevard","ELEVTYP_F":0,"ELEVTYP_T":0},"geometry":{"type":"LineString","coordinates":[[-74.0019382768915,40.2614642972476],[-74.0018626211432,40.2615292526045],[-74.0016997878655,40.2616763000177],[-74.0015433630741,40.2617995459437],[-74.0013682349504,40.2619274881843],[-74.0011930701188,40.2620601782962],[-74.0010179757605,40.2621833430248],[-74.0009507108222,40.2622227767266]]}},{"type":"Feature","id":288021,"properties":{"OBJECTID":288021,"PRIMENAME":"Norwood Avenue","ELEVTYP_F":0,"ELEVTYP_T":0},"geometry":{"type":"LineString","coordinates":[[-74.0007490725389,40.2432952587428],[-74.0007478629653,40.2434599124659],[-74.0007347245025,40.2446144479081],[-74.0007325175263,40.2447783839631]]}},{"type":"Feature","id":288388,"properties":{"OBJECTID":288388,"PRIMENAME":"West Morgan Avenue","ELEVTYP_F":0,"ELEVTYP_T":0},"geometry":{"type":"LineString","coordinates":[[-74.0016674189638,40.2575721664073],[-74.0022311393045,40.2576231905945]]}},{"type":"Feature","id":288408,"properties":{"OBJECTID":288408,"PRIMENAME":"Lake Drive","ELEVTYP_F":0,"ELEVTYP_T":0},"geometry":{"type":"LineString","coordinates":[[-74.0075338439969,40.2372602843795],[-74.0075300105894,40.2372699898737],[-74.0075244137264,40.2372841587778],[-74.0075183804793,40.2373017852888],[-74.0075132321399,40.2373195794864],[-74.0075089465693,40.2373375151571],[-74.007505592132,40.2373555646713],[-74.0075030916637,40.23737367276],[-74.0075008701893,40.237389283584],[-74.0074995389138,40.2374049810575],[-74.0074991043209,40.237420681446],[-74.0074995967573,40.2374364136999],[-74.0075009521817,40.2374520955861],[-74.0075032387692,40.2374677255932],[-74.0075063864,40.2374832493828],[-74.0075111932848,40.2375070708774],[-74.0075168954923,40.2375307592799],[-74.0075235670676,40.2375543140049],[-74.0075311353385,40.2375777086233],[-74.0075396355683,40.2376009423845],[-74.0075490331023,40.2376239322794],[-74.007562971195,40.2376580323124],[-74.0075776992527,40.2376919438623],[-74.0075931786969,40.2377256388442],[-74.0076094518361,40.2377591174377],[-74.007625191772,40.2377967674534],[-74.0076403204103,40.2378346058078],[-74.0076547323664,40.2378725789132],[-74.00765889423,40.2378864876122],[-74.0076621960275,40.2379005295537],[-74.007664564889,40.2379147053285],[-74.0076660378454,40.2379289322329],[-74.007666578667,40.237943182192],[-74.0076662249794,40.237957452664],[-74.0076648530409,40.2379688699932],[-74.0076626567188,40.2379801991527],[-74.0076596385524,40.2379914140339],[-74.0076557975552,40.2380024885133],[-74.0076511693876,40.238013366901],[-74.0076457189821,40.2380240229284],[-74.0076395180328,40.2380344559998],[-74.0076325307014,40.2380445840018],[-74.0076231766486,40.2380551675796],[-74.0076131799796,40.2380653926592],[-74.0076025362024,40.2380752303997],[-74.007591296053,40.2380846530963],[-74.0075794454159,40.2380936624899],[-74.0075670608885,40.2381022300851],[-74.0075541405185,40.2381103009325],[-74.0075407266134,40.2381178752121],[-74.0075156968412,40.2381314129182],[-74.0074900979347,40.2381443438491],[-74.007463966724,40.2381566132204],[-74.0074373746885,40.2381682501573],[-74.0074102854104,40.2381792527033],[-74.0073753426547,40.2381914539283],[-74.0073505808051,40.238197528908],[-74.0073017526797,40.2382079174051],[-74.0072638487134,40.2382184352521],[-74.0072279498125,40.238224075503]]}},{"type":"Feature","id":289268,"properties":{"OBJECTID":289268,"PRIMENAME":"Parker Avenue","ELEVTYP_F":0,"ELEVTYP_T":0},"geometry":{"type":"LineString","coordinates":[[-74.0030761855725,40.2515843813122],[-74.0029706323297,40.2515601000272],[-74.002281037657,40.2514427698072],[-74.0006843438983,40.2511832749671],[-74.0005531569314,40.2511614612822]]}},{"type":"Feature","id":289727,"properties":{"OBJECTID":289727,"PRIMENAME":"Unnamed Segment","ELEVTYP_F":0,"ELEVTYP_T":0},"geometry":{"type":"LineString","coordinates":[[-74.0034712233725,40.2550936653079],[-74.0034097148215,40.2556672184394],[-74.0034958011961,40.2559135088801],[-74.0036250741413,40.2560018926472]]}},{"type":"Feature","id":291671,"properties":{"OBJECTID":291671,"PRIMENAME":"Brighton Avenue","ELEVTYP_F":0,"ELEVTYP_T":0},"geometry":{"type":"LineString","coordinates":[[-74.0004988066426,40.2529595189771],[-74.0006783141769,40.2529878377694],[-74.0006896986603,40.2529896341792],[-74.0011888296136,40.2530787827729]]}},{"type":"Feature","id":292875,"properties":{"OBJECTID":292875,"PRIMENAME":"Neptune Avenue","ELEVTYP_F":0,"ELEVTYP_T":0},"geometry":{"type":"LineString","coordinates":[[-73.9977281136335,40.238661238251],[-73.9974280110907,40.238615901857],[-73.9959745275487,40.2383760435361],[-73.9953550459972,40.2382769042283]]}},{"type":"Feature","id":292921,"properties":{"OBJECTID":292921,"PRIMENAME":"Cedar Avenue","ELEVTYP_F":0,"ELEVTYP_T":0},"geometry":{"type":"LineString","coordinates":[[-74.0009642711726,40.2381673132525],[-74.0012142590121,40.2382078680372],[-74.0035687257576,40.2385929352785]]}},{"type":"Feature","id":293508,"properties":{"OBJECTID":293508,"PRIMENAME":"Drummond Road","ELEVTYP_F":0,"ELEVTYP_T":0},"geometry":{"type":"LineString","coordinates":[[-74.0035883091175,40.2453089687388],[-74.0036851714981,40.2453248954478],[-74.0039598493356,40.245370063419],[-74.0047148487284,40.2454942123257]]}},{"type":"Feature","id":293636,"properties":{"OBJECTID":293636,"PRIMENAME":"Corlies Avenue","ELEVTYP_F":0,"ELEVTYP_T":0},"geometry":{"type":"LineString","coordinates":[[-74.0091329952082,40.2376616269368],[-74.0088821728225,40.2376002109362],[-74.0087828529243,40.2375758902256],[-74.0084646240565,40.2374906176407],[-74.0083911792291,40.2374712277562]]}},{"type":"Feature","id":294454,"properties":{"OBJECTID":294454,"PRIMENAME":"Stratford Place","ELEVTYP_F":0,"ELEVTYP_T":0},"geometry":{"type":"LineString","coordinates":[[-73.9985292832858,40.2455683534268],[-73.9983544209009,40.2462317503239],[-73.9982968203759,40.2464502678886],[-73.9982737476631,40.246537796353]]}},{"type":"Feature","id":294798,"properties":{"OBJECTID":294798,"PRIMENAME":"Cambell Court","ELEVTYP_F":0,"ELEVTYP_T":0},"geometry":{"type":"LineString","coordinates":[[-74.0030309863057,40.2538792565221],[-74.0028914887476,40.2538760220386],[-74.0019530111759,40.2538544455846]]}},{"type":"Feature","id":296762,"properties":{"OBJECTID":296762,"PRIMENAME":"Atlantic Avenue","ELEVTYP_F":0,"ELEVTYP_T":0},"geometry":{"type":"LineString","coordinates":[[-74.004360611023,40.2428607278543],[-74.004398405438,40.2429836289499],[-74.0044157462921,40.2431552810928],[-74.0044205910833,40.2433554569683],[-74.0043755698947,40.2435554463167],[-74.0043120947769,40.2437315285701],[-74.0042555128206,40.2438170476748],[-74.0042160139212,40.2438394752939],[-74.0042055098386,40.2438454386412],[-74.0040998289615,40.2438402366447],[-74.0040415265816,40.243839986811],[-74.0039443555583,40.2438395703545],[-74.0038883291692,40.2438440794132],[-74.0038382917267,40.2438819964218],[-74.0038309992343,40.2439195941011],[-74.0038188970542,40.243982004334],[-74.0038217463317,40.2440333257148]]}},{"type":"Feature","id":297662,"properties":{"OBJECTID":297662,"PRIMENAME":"Skinner Drive","ELEVTYP_F":0,"ELEVTYP_T":0},"geometry":{"type":"LineString","coordinates":[[-74.0062451502858,40.258854445252],[-74.0069711380297,40.2588297298478]]}},{"type":"Feature","id":298293,"properties":{"OBJECTID":298293,"PRIMENAME":"Norwood Avenue","ELEVTYP_F":0,"ELEVTYP_T":0},"geometry":{"type":"LineString","coordinates":[[-74.0009642711726,40.2381673132525],[-74.001004456036,40.238378046308],[-74.001035776356,40.2385568971359],[-74.001053537682,40.2386749358925],[-74.0010539796539,40.238686133091]]}},{"type":"Feature","id":298434,"properties":{"OBJECTID":298434,"PRIMENAME":"Almyr Avenue","ELEVTYP_F":0,"ELEVTYP_T":0},"geometry":{"type":"LineString","coordinates":[[-73.9974637605234,40.25592492772],[-73.997370288506,40.2560493466613],[-73.9969563609992,40.256500319278],[-73.9968065391153,40.256657705683],[-73.9964548296278,40.2570271711581],[-73.9963777112222,40.257134778376]]}},{"type":"Feature","id":299272,"properties":{"OBJECTID":299272,"PRIMENAME":"Holley Terrace","ELEVTYP_F":0,"ELEVTYP_T":0},"geometry":{"type":"LineString","coordinates":[[-74.0057775353963,40.249007084364],[-74.0058716987951,40.2491928992915],[-74.0059388467924,40.2493742891231],[-74.0059932122152,40.2495889786967],[-74.0059984069335,40.2497320004495],[-74.0060037384758,40.2498511938737],[-74.0059967090319,40.2499655303811],[-74.0059452473811,40.2501988478677],[-74.0059225613494,40.2502786643655]]}},{"type":"Feature","id":300519,"properties":{"OBJECTID":300519,"PRIMENAME":"Sherman Avenue","ELEVTYP_F":0,"ELEVTYP_T":0},"geometry":{"type":"LineString","coordinates":[[-74.0036145214506,40.2529954904299],[-74.0052283272351,40.2529839259385],[-74.005508252551,40.252980346154],[-74.0055110458439,40.25298046707]]}},{"type":"Feature","id":300699,"properties":{"OBJECTID":300699,"PRIMENAME":"Lehman Avenue","ELEVTYP_F":0,"ELEVTYP_T":0},"geometry":{"type":"LineString","coordinates":[[-74.0030832265993,40.2506216858891],[-74.0007162123471,40.2502302131345],[-74.0005853863183,40.2502083181817]]}},{"type":"Feature","id":300719,"properties":{"OBJECTID":300719,"PRIMENAME":"Lawrence Avenue","ELEVTYP_F":0,"ELEVTYP_T":0},"geometry":{"type":"LineString","coordinates":[[-74.0054362808043,40.2626593637254],[-74.0059304853756,40.26270713304],[-74.0077629284732,40.2628842354321],[-74.0079433158882,40.2628897518039],[-74.0080122589054,40.2628900449385]]}},{"type":"Feature","id":302365,"properties":{"OBJECTID":302365,"PRIMENAME":"North Edgemere Drive","ELEVTYP_F":0,"ELEVTYP_T":0},"geometry":{"type":"LineString","coordinates":[[-74.0105436737847,40.2430543916014],[-74.0101133905498,40.2430542183736],[-74.0099830205358,40.2430202841453],[-74.0098652866666,40.2429578260309],[-74.0097849490546,40.2428859998511],[-74.0097233796042,40.2427999505354],[-74.0096746184636,40.2426615213342],[-74.0095343625104,40.2422701141954],[-74.0094489660964,40.2420457411081],[-74.0093745321257,40.2418461485375]]}},{"type":"Feature","id":302582,"properties":{"OBJECTID":302582,"PRIMENAME":"Parker Avenue","ELEVTYP_F":0,"ELEVTYP_T":0},"geometry":{"type":"LineString","coordinates":[[-74.008128244869,40.2518865547546],[-74.0082778372274,40.2519102501999],[-74.008576018496,40.2519629898042]]}},{"type":"Feature","id":303198,"properties":{"OBJECTID":303198,"PRIMENAME":"Milan Place","ELEVTYP_F":0,"ELEVTYP_T":0},"geometry":{"type":"LineString","coordinates":[[-73.9982444146052,40.2419124677892],[-73.9982176655772,40.2420079954069],[-73.997585284404,40.2442643349258],[-73.9975576509889,40.2443630162456]]}},{"type":"Feature","id":303726,"properties":{"OBJECTID":303726,"PRIMENAME":"Queen Anne Drive","ELEVTYP_F":0,"ELEVTYP_T":0},"geometry":{"type":"LineString","coordinates":[[-74.0070313357527,40.2423368405527],[-74.0070090707132,40.2423936822619],[-74.0070020783086,40.2425032699234],[-74.0070011447823,40.2426319622151],[-74.0069941168752,40.242741577641],[-74.0069746929283,40.2428463081809],[-74.0069366056608,40.2429557624601],[-74.0068857770044,40.2431080719969],[-74.0068350828239,40.2432317760076],[-74.0068219612124,40.2433270340373],[-74.0068210966362,40.2434461741328],[-74.0068072466395,40.2436367718142],[-74.0068064717284,40.2436447574242]]}},{"type":"Feature","id":304661,"properties":{"OBJECTID":304661,"PRIMENAME":"Unnamed Segment","ELEVTYP_F":0,"ELEVTYP_T":0},"geometry":{"type":"LineString","coordinates":[[-73.9901437005117,40.2614936119479],[-73.9899825820569,40.2614646769698],[-73.9895596083427,40.2612656234715],[-73.9892848397553,40.2611744654957],[-73.9891845088168,40.2613054816892],[-73.9890880199432,40.2615264595036],[-73.9892681964421,40.2615860645676],[-73.9893716375164,40.261641872226],[-73.9900591959192,40.2617781158207]]}},{"type":"Feature","id":305013,"properties":{"OBJECTID":305013,"PRIMENAME":"Forest Street","ELEVTYP_F":0,"ELEVTYP_T":0},"geometry":{"type":"LineString","coordinates":[[-74.008128244869,40.2518865547546],[-74.0082474983487,40.2518052811422],[-74.0085214335455,40.251618670521]]}},{"type":"Feature","id":309262,"properties":{"OBJECTID":309262,"PRIMENAME":"Railroad Avenue","ELEVTYP_F":0,"ELEVTYP_T":0},"geometry":{"type":"LineString","coordinates":[[-74.0030309863057,40.2538792565221],[-74.0030648564486,40.2531332758201],[-74.0030696824419,40.2530269739398]]}},{"type":"Feature","id":309311,"properties":{"OBJECTID":309311,"PRIMENAME":"Cambell Court","ELEVTYP_F":0,"ELEVTYP_T":0},"geometry":{"type":"LineString","coordinates":[[-74.0019530111759,40.2538544455846],[-74.0013965191444,40.2538416565093],[-74.001160659375,40.2538362358179]]}},{"type":"Feature","id":311273,"properties":{"OBJECTID":311273,"PRIMENAME":"Cypress Avenue","ELEVTYP_F":0,"ELEVTYP_T":0},"geometry":{"type":"LineString","coordinates":[[-74.0060811252696,40.2634276521424],[-74.0060723504679,40.2635156815626],[-74.0060261242224,40.2639786864354]]}},{"type":"Feature","id":311391,"properties":{"OBJECTID":311391,"PRIMENAME":"Maple Street","ELEVTYP_F":0,"ELEVTYP_T":0},"geometry":{"type":"LineString","coordinates":[[-74.0070192760441,40.2531596592536],[-74.0070376121079,40.2530917110282],[-74.0073700219055,40.251863508676],[-74.0073952408205,40.2517702782793]]}},{"type":"Feature","id":311640,"properties":{"OBJECTID":311640,"PRIMENAME":"Norwood Avenue","ELEVTYP_F":0,"ELEVTYP_T":0},"geometry":{"type":"LineString","coordinates":[[-74.0001813419425,40.2634068773854],[-74.000267157574,40.2636962132279]]}},{"type":"Feature","id":311850,"properties":{"OBJECTID":311850,"PRIMENAME":"Wildwood Road","ELEVTYP_F":0,"ELEVTYP_T":0},"geometry":{"type":"LineString","coordinates":[[-74.0115517222347,40.2405982309986],[-74.0093822881271,40.240081844062],[-74.0092638835618,40.240053642949]]}},{"type":"Feature","id":312306,"properties":{"OBJECTID":312306,"PRIMENAME":"Unnamed Segment","ELEVTYP_F":0,"ELEVTYP_T":0},"geometry":{"type":"LineString","coordinates":[[-74.0023056335658,40.2531436600586],[-74.0022849999693,40.2529453277491],[-74.0023269011327,40.2525676951775],[-74.0023117758708,40.2524956660914],[-74.0018817242411,40.2524368451654]]}},{"type":"Feature","id":312864,"properties":{"OBJECTID":312864,"PRIMENAME":"Norwood Avenue","ELEVTYP_F":0,"ELEVTYP_T":0},"geometry":{"type":"LineString","coordinates":[[-74.0008679835376,40.2402208036259],[-74.0008154566508,40.2406077377612],[-74.0007859134842,40.2408256644835],[-74.0007755142023,40.2409685923814],[-74.0007742801897,40.2411365956452],[-74.0007735540981,40.2412354478995]]}},{"type":"Feature","id":315283,"properties":{"OBJECTID":315283,"PRIMENAME":"Railroad Avenue","ELEVTYP_F":0,"ELEVTYP_T":0},"geometry":{"type":"LineString","coordinates":[[-74.0029299491618,40.256139706254],[-74.0029557901377,40.2561402090348],[-74.0029749915482,40.2554553009633]]}},{"type":"Feature","id":316155,"properties":{"OBJECTID":316155,"PRIMENAME":"Roosevelt Avenue","ELEVTYP_F":0,"ELEVTYP_T":0},"geometry":{"type":"LineString","coordinates":[[-73.999462517825,40.2594700499335],[-73.9990789052414,40.2593807347253]]}},{"type":"Feature","id":316636,"properties":{"OBJECTID":316636,"PRIMENAME":"Berger Avenue","ELEVTYP_F":0,"ELEVTYP_T":0},"geometry":{"type":"LineString","coordinates":[[-74.0053147745942,40.2633567081851],[-74.0048109177929,40.263310108129],[-74.0026290829649,40.2630936236431]]}},{"type":"Feature","id":316637,"properties":{"OBJECTID":316637,"PRIMENAME":"Roosevelt Avenue","ELEVTYP_F":0,"ELEVTYP_T":0},"geometry":{"type":"LineString","coordinates":[[-73.9998996475179,40.259566759942],[-73.999758204958,40.2595388882067],[-73.999462517825,40.2594700499335]]}},{"type":"Feature","id":317049,"properties":{"OBJECTID":317049,"PRIMENAME":"Lakeview Road","ELEVTYP_F":0,"ELEVTYP_T":0},"geometry":{"type":"LineString","coordinates":[[-74.004360611023,40.2428607278543],[-74.0041946865815,40.2428344319094],[-74.0028652549372,40.2426237966578],[-74.0027588310026,40.2426079794938],[-74.0025995855564,40.2425843128851],[-74.0024656080456,40.2425644014855]]}},{"type":"Feature","id":317102,"properties":{"OBJECTID":317102,"PRIMENAME":"Woodland Road","ELEVTYP_F":0,"ELEVTYP_T":0},"geometry":{"type":"LineString","coordinates":[[-74.0093745321257,40.2418461485375],[-74.0094937284571,40.2418743537903],[-74.0108955550801,40.2422060091416]]}},{"type":"Feature","id":318474,"properties":{"OBJECTID":318474,"PRIMENAME":"Norwood Avenue","ELEVTYP_F":0,"ELEVTYP_T":0},"geometry":{"type":"LineString","coordinates":[[-74.000768114391,40.2416715209731],[-74.0007579428681,40.2422243801584]]}},{"type":"Feature","id":319866,"properties":{"OBJECTID":319866,"PRIMENAME":"Runyan Avenue","ELEVTYP_F":0,"ELEVTYP_T":0},"geometry":{"type":"LineString","coordinates":[[-74.0006144611832,40.2492601023533],[-74.0009212477708,40.249309494293],[-74.0012655094391,40.2493637970352]]}},{"type":"Feature","id":322475,"properties":{"OBJECTID":322475,"PRIMENAME":"Almyr Avenue","ELEVTYP_F":0,"ELEVTYP_T":0},"geometry":{"type":"LineString","coordinates":[[-73.9958133472067,40.2586238044508],[-73.9954779299325,40.2595679640384],[-73.9954610104233,40.259612280389]]}},{"type":"Feature","id":324001,"properties":{"OBJECTID":324001,"PRIMENAME":"Garfield Avenue","ELEVTYP_F":0,"ELEVTYP_T":0},"geometry":{"type":"LineString","coordinates":[[-74.0027291122583,40.2607033716165],[-74.0028453164238,40.2607137259678],[-74.0030118696616,40.2607285800048]]}},{"type":"Feature","id":324441,"properties":{"OBJECTID":324441,"PRIMENAME":"Philips Avenue","ELEVTYP_F":0,"ELEVTYP_T":0},"geometry":{"type":"LineString","coordinates":[[-74.0011299142372,40.2546612103979],[-74.001370833698,40.2546498573614],[-74.0017164798705,40.2546335670207],[-74.0019120885707,40.254622330282]]}},{"type":"Feature","id":325328,"properties":{"OBJECTID":325328,"PRIMENAME":"Larchwood Avenue","ELEVTYP_F":0,"ELEVTYP_T":0},"geometry":{"type":"LineString","coordinates":[[-74.0078216437421,40.259929547672],[-74.0078095746753,40.2599985115242],[-74.0077504335342,40.2603364178755]]}},{"type":"Feature","id":325794,"properties":{"OBJECTID":325794,"PRIMENAME":"Philips Avenue","ELEVTYP_F":0,"ELEVTYP_T":0},"geometry":{"type":"LineString","coordinates":[[-73.994783014094,40.2538071414887],[-73.9955819307676,40.2539397350005],[-73.9971289388383,40.2541990834064],[-73.9979384312133,40.2543322001752]]}},{"type":"Feature","id":328367,"properties":{"OBJECTID":328367,"PRIMENAME":"Joanna Court","ELEVTYP_F":0,"ELEVTYP_T":0},"geometry":{"type":"LineString","coordinates":[[-74.0072548283487,40.2545316591799],[-74.0073451504352,40.2561480515518],[-74.0073446320017,40.2562195359965],[-74.0073319237456,40.256262389557],[-74.0072880442663,40.2563050833842],[-74.0072319046649,40.2563286723311],[-74.0071634344319,40.256333157881],[-74.006392049212,40.2563346464225],[-74.0063175882585,40.256310500812],[-74.0062681319117,40.256267381258],[-74.0062562191393,40.2561958446836],[-74.0061689129675,40.2545130574688],[-74.0061640101597,40.2544185730151]]}},{"type":"Feature","id":329133,"properties":{"OBJECTID":329133,"PRIMENAME":"Richmond Avenue","ELEVTYP_F":0,"ELEVTYP_T":0},"geometry":{"type":"LineString","coordinates":[[-74.0018115619698,40.2449210916628],[-74.0021853450728,40.2436028726115],[-74.0022042352505,40.2435330603459]]}},{"type":"Feature","id":329886,"properties":{"OBJECTID":329886,"PRIMENAME":"Roseld Avenue","ELEVTYP_F":0,"ELEVTYP_T":0},"geometry":{"type":"LineString","coordinates":[[-74.0014443707874,40.2470576646635],[-74.0017633306258,40.2471096863211],[-74.0018330156622,40.2471210509857],[-74.0020599437909,40.2471580731378],[-74.0022872161579,40.2471951503655]]}},{"type":"Feature","id":331159,"properties":{"OBJECTID":331159,"PRIMENAME":"Poplar Avenue","ELEVTYP_F":0,"ELEVTYP_T":0},"geometry":{"type":"LineString","coordinates":[[-74.0004062532495,40.2560882160407],[-74.0007539619105,40.256097348844],[-74.0029299491618,40.256139706254]]}},{"type":"Feature","id":332632,"properties":{"OBJECTID":332632,"PRIMENAME":"Hathaway Avenue","ELEVTYP_F":0,"ELEVTYP_T":0},"geometry":{"type":"LineString","coordinates":[[-74.0044369212126,40.2418382061929],[-74.0043264678226,40.2418198342363],[-74.0032083407282,40.2416339366614],[-74.0027514119104,40.2415606532763]]}},{"type":"Feature","id":334091,"properties":{"OBJECTID":334091,"PRIMENAME":"Elberon Boulevard","ELEVTYP_F":0,"ELEVTYP_T":0},"geometry":{"type":"LineString","coordinates":[[-74.0030526701852,40.2604756722872],[-74.0029898251336,40.2605189413833],[-74.0029613866531,40.2605385248641],[-74.0027834945285,40.2606610264101],[-74.0027291122583,40.2607033716165]]}},{"type":"Feature","id":335738,"properties":{"OBJECTID":335738,"PRIMENAME":"Monmouth Drive","ELEVTYP_F":0,"ELEVTYP_T":0},"geometry":{"type":"LineString","coordinates":[[-74.0037728905495,40.2437867308339],[-74.0037832566778,40.2438144743767],[-74.0037946713746,40.2438793821107],[-74.0038217463317,40.2440333257148]]}},{"type":"Feature","id":336341,"properties":{"OBJECTID":336341,"PRIMENAME":"Runyan Avenue","ELEVTYP_F":0,"ELEVTYP_T":0},"geometry":{"type":"LineString","coordinates":[[-74.0104822002081,40.2510312655887],[-74.0099204962425,40.2509402735928],[-74.0098896820701,40.2509352822063],[-74.009885995564,40.2509346631479],[-74.0095991939626,40.2508845276241]]}},{"type":"Feature","id":336651,"properties":{"OBJECTID":336651,"PRIMENAME":"Norwood Avenue","ELEVTYP_F":0,"ELEVTYP_T":0},"geometry":{"type":"LineString","coordinates":[[-74.0007735540981,40.2412354478995],[-74.0007718385488,40.2414690059097],[-74.000768114391,40.2416715209731]]}},{"type":"Feature","id":337379,"properties":{"OBJECTID":337379,"PRIMENAME":"Elberon Boulevard","ELEVTYP_F":0,"ELEVTYP_T":0},"geometry":{"type":"LineString","coordinates":[[-74.0009507108222,40.2622227767266],[-74.0008242443902,40.2622968737548],[-74.000611810892,40.2624246539068],[-74.0004182562528,40.2625238821766],[-74.0001310385878,40.2626656401939],[-74.0000105910343,40.2627250481849]]}},{"type":"Feature","id":338661,"properties":{"OBJECTID":338661,"PRIMENAME":"Norwood Avenue","ELEVTYP_F":0,"ELEVTYP_T":0},"geometry":{"type":"LineString","coordinates":[[-74.000756135221,40.2641882765552],[-74.0008258346273,40.2638558316991],[-74.0008932172032,40.2635198714064],[-74.0008316057208,40.2634911915277],[-74.0004238629276,40.2634539116046],[-74.0001813419425,40.2634068773854]]}},{"type":"Feature","id":339039,"properties":{"OBJECTID":339039,"PRIMENAME":"Corlies Avenue","ELEVTYP_F":0,"ELEVTYP_T":0},"geometry":{"type":"LineString","coordinates":[[-74.0115719368661,40.2382437792051],[-74.0111482070639,40.238143546354],[-74.0091987909319,40.2376777460137],[-74.0091329952082,40.2376616269368]]}},{"type":"Feature","id":339430,"properties":{"OBJECTID":339430,"PRIMENAME":"Tiny Lane","ELEVTYP_F":0,"ELEVTYP_T":0},"geometry":{"type":"LineString","coordinates":[[-74.0068064717284,40.2436447574242],[-74.0069003235321,40.2436657186517],[-74.0070307276552,40.2436949072792],[-74.0071735633224,40.2437241207772],[-74.0073226663974,40.243748584545],[-74.0074718744157,40.243758745082],[-74.007782587504,40.2437566084211],[-74.0079010375598,40.2437557944606]]}},{"type":"Feature","id":343122,"properties":{"OBJECTID":343122,"PRIMENAME":"Brighton Avenue","ELEVTYP_F":0,"ELEVTYP_T":0},"geometry":{"type":"LineString","coordinates":[[-73.9984229273901,40.2526189704974],[-73.9999751940271,40.2528769319566],[-74.0003404090648,40.2529345397512]]}},{"type":"Feature","id":344182,"properties":{"OBJECTID":344182,"PRIMENAME":"South Lincoln Avenue","ELEVTYP_F":0,"ELEVTYP_T":0},"geometry":{"type":"LineString","coordinates":[[-73.9996556159258,40.2640386390842],[-73.9996515176732,40.26383770501],[-73.9996444084525,40.2635742248569],[-73.9995911710543,40.2634301362053],[-73.9994309348685,40.2633757141096],[-73.9990509043063,40.263367136276],[-73.9989848091526,40.2634327129376],[-73.9989133947696,40.2636057255649],[-73.9988956276706,40.2638673669612],[-73.9988853049629,40.2640193857359]]}},{"type":"Feature","id":344461,"properties":{"OBJECTID":344461,"PRIMENAME":"Lincoln Gardens","ELEVTYP_F":0,"ELEVTYP_T":0},"geometry":{"type":"LineString","coordinates":[[-73.993539053914,40.2624359718545],[-73.9935375659654,40.2624095840124],[-73.9935131245444,40.2623522660026],[-73.9934987363043,40.2623310437427]]}},{"type":"Feature","id":346438,"properties":{"OBJECTID":346438,"PRIMENAME":"Grant Avenue","ELEVTYP_F":0,"ELEVTYP_T":0},"geometry":{"type":"LineString","coordinates":[[-74.0034570609196,40.2545342430981],[-74.0044232452093,40.2544927957232]]}},{"type":"Feature","id":347155,"properties":{"OBJECTID":347155,"PRIMENAME":"Roseld Avenue","ELEVTYP_F":0,"ELEVTYP_T":0},"geometry":{"type":"LineString","coordinates":[[-74.0055966769866,40.2477467154415],[-74.0060387385851,40.2478212048822],[-74.0062980572895,40.2478649003105],[-74.007989539123,40.2481377588028]]}},{"type":"Feature","id":349647,"properties":{"OBJECTID":349647,"PRIMENAME":"Norwood Avenue","ELEVTYP_F":0,"ELEVTYP_T":0},"geometry":{"type":"LineString","coordinates":[[-74.0007123844967,40.2469382213408],[-74.0007146810179,40.246903696115],[-74.0007314541981,40.2467369678499],[-74.0007297028234,40.2465510799549],[-74.0007216220975,40.2463654961935],[-74.0007162425833,40.2462419637558],[-74.0007138550945,40.2461871308159]]}},{"type":"Feature","id":350167,"properties":{"OBJECTID":350167,"PRIMENAME":"Ocean Avenue","ELEVTYP_F":0,"ELEVTYP_T":0},"geometry":{"type":"LineString","coordinates":[[-73.9979305029588,40.2376676267047],[-73.9978701300402,40.2378830034444],[-73.9978113047432,40.2381020102434],[-73.9978000669878,40.2381530788483]]}},{"type":"Feature","id":350667,"properties":{"OBJECTID":350667,"PRIMENAME":"Norwood Avenue","ELEVTYP_F":0,"ELEVTYP_T":0},"geometry":{"type":"LineString","coordinates":[[-74.0003404090648,40.2529345397512],[-74.0003307011024,40.2532558821069],[-74.000312263688,40.253816470885],[-74.0003006102791,40.2541708474774],[-74.0002849141255,40.2546826283698]]}},{"type":"Feature","id":350946,"properties":{"OBJECTID":350946,"PRIMENAME":"Norwood Avenue","ELEVTYP_F":0,"ELEVTYP_T":0},"geometry":{"type":"LineString","coordinates":[[-73.999969454943,40.2587434926409],[-73.9998979700424,40.2594343776102],[-73.9998996475179,40.259566759942]]}},{"type":"Feature","id":351083,"properties":{"OBJECTID":351083,"PRIMENAME":"Ocean Avenue","ELEVTYP_F":0,"ELEVTYP_T":0},"geometry":{"type":"LineString","coordinates":[[-73.9901373466721,40.2613615205773],[-73.990159164346,40.261441550582]]}},{"type":"Feature","id":351087,"properties":{"OBJECTID":351087,"PRIMENAME":"Philips Avenue","ELEVTYP_F":0,"ELEVTYP_T":0},"geometry":{"type":"LineString","coordinates":[[-73.9930107725767,40.2535100830372],[-73.9931341234566,40.2535334516133],[-73.994783014094,40.2538071414887]]}},{"type":"Feature","id":351282,"properties":{"OBJECTID":351282,"PRIMENAME":"Runyan Avenue","ELEVTYP_F":0,"ELEVTYP_T":0},"geometry":{"type":"LineString","coordinates":[[-73.9948856468931,40.2483104816465],[-73.9949946307944,40.2483305845722],[-73.9991258040142,40.2490205434555],[-74.0004551458954,40.2492344879569]]}},{"type":"Feature","id":352246,"properties":{"OBJECTID":352246,"PRIMENAME":"Norwood Avenue","ELEVTYP_F":0,"ELEVTYP_T":0},"geometry":{"type":"LineString","coordinates":[[-74.0004551458954,40.2492344879569],[-74.0004352104279,40.2498212233024],[-74.0004239120125,40.2501876390785],[-74.00042340284,40.2502041325672],[-74.0003984785786,40.2510113975836],[-74.0003947738165,40.2511350816581]]}},{"type":"Feature","id":352290,"properties":{"OBJECTID":352290,"PRIMENAME":"Norwood Avenue","ELEVTYP_F":0,"ELEVTYP_T":0},"geometry":{"type":"LineString","coordinates":[[-74.0002410609929,40.2560702352312],[-74.0002292256343,40.2562616365628],[-74.0002261478056,40.2563204654802]]}},{"type":"Feature","id":352299,"properties":{"OBJECTID":352299,"PRIMENAME":"Berringer Road","ELEVTYP_F":0,"ELEVTYP_T":0},"geometry":{"type":"LineString","coordinates":[[-73.9904294525653,40.260543627653],[-73.9903291419308,40.2605224283053],[-73.9891193056217,40.2602666721038],[-73.9889937118318,40.2602401226186]]}},{"type":"Feature","id":352605,"properties":{"OBJECTID":352605,"PRIMENAME":"Wallace Road","ELEVTYP_F":0,"ELEVTYP_T":0},"geometry":{"type":"LineString","coordinates":[[-73.9945012861925,40.2491622217931],[-73.9926471746755,40.2488558637147],[-73.9924694606051,40.2488265000658]]}},{"type":"Feature","id":352854,"properties":{"OBJECTID":352854,"PRIMENAME":"Ocean Avenue","ELEVTYP_F":0,"ELEVTYP_T":0},"geometry":{"type":"LineString","coordinates":[[-73.9925979429196,40.2544996055424],[-73.9922277200521,40.2555275672599]]}},{"type":"Feature","id":352956,"properties":{"OBJECTID":352956,"PRIMENAME":"Ocean Avenue","ELEVTYP_F":0,"ELEVTYP_T":0},"geometry":{"type":"LineString","coordinates":[[-73.9978000669878,40.2381530788483],[-73.9977794276806,40.2382468748367],[-73.997755977888,40.2384390222855],[-73.9977326742891,40.238621068475],[-73.9977281136335,40.238661238251]]}},{"type":"Feature","id":353054,"properties":{"OBJECTID":353054,"PRIMENAME":"Norwood Avenue","ELEVTYP_F":0,"ELEVTYP_T":0},"geometry":{"type":"LineString","coordinates":[[-73.9998650535201,40.2621965944455],[-73.9998439863217,40.2620988003137],[-73.9998404039289,40.2620665734994],[-73.9998323240163,40.261993882949],[-73.9998299795148,40.2618890328753],[-73.9998403306065,40.2617484669174],[-73.9998637854787,40.2615221693798],[-73.9998891052123,40.2612806433606]]}},{"type":"Feature","id":353533,"properties":{"OBJECTID":353533,"PRIMENAME":"Marine Place","ELEVTYP_F":0,"ELEVTYP_T":0},"geometry":{"type":"LineString","coordinates":[[-73.9965274886389,40.2428633494238],[-73.9964078610585,40.2428437186062],[-73.9935441834026,40.2423736739311]]}},{"type":"Feature","id":353882,"properties":{"OBJECTID":353882,"PRIMENAME":"Roosevelt Avenue","ELEVTYP_F":0,"ELEVTYP_T":0},"geometry":{"type":"LineString","coordinates":[[-73.9914762842934,40.257620638371],[-73.9911259356376,40.2575471973882],[-73.9888465012362,40.257070077936]]}},{"type":"Feature","id":353944,"properties":{"OBJECTID":353944,"PRIMENAME":"Norwood Avenue","ELEVTYP_F":0,"ELEVTYP_T":0},"geometry":{"type":"LineString","coordinates":[[-74.0007138550945,40.2461871308159],[-74.0007092410235,40.2462419335495],[-74.0006987663901,40.2463663315791],[-74.0006985089455,40.2463693756201],[-74.000674188548,40.2465050776111],[-74.0006261262048,40.2466978874509],[-74.0005926127123,40.2468121643367],[-74.0005669973505,40.2469145063456]]}},{"type":"Feature","id":354020,"properties":{"OBJECTID":354020,"PRIMENAME":"Norwood Avenue","ELEVTYP_F":0,"ELEVTYP_T":0},"geometry":{"type":"LineString","coordinates":[[-74.0004062532495,40.2560882160407],[-74.0004168064336,40.2556909721792],[-74.0004253082937,40.2554070419539]]}},{"type":"Feature","id":354128,"properties":{"OBJECTID":354128,"PRIMENAME":"Monmouth Drive","ELEVTYP_F":0,"ELEVTYP_T":0},"geometry":{"type":"LineString","coordinates":[[-73.9944483994298,40.2412147172688],[-73.994472977043,40.2412577323855],[-73.9945226279711,40.2412722248167],[-73.9946592194232,40.2413014264825],[-73.9959388413392,40.2415119660542],[-73.9967466079294,40.2416107961885],[-73.9968820252484,40.2416373619811]]}},{"type":"Feature","id":354252,"properties":{"OBJECTID":354252,"PRIMENAME":"Darlington Road","ELEVTYP_F":0,"ELEVTYP_T":0},"geometry":{"type":"LineString","coordinates":[[-73.9959813729912,40.245144212653],[-73.9972713477333,40.2453593363396],[-73.9985292832858,40.2455683534268]]}},{"type":"Feature","id":354384,"properties":{"OBJECTID":354384,"PRIMENAME":"Ocean Avenue","ELEVTYP_F":0,"ELEVTYP_T":0},"geometry":{"type":"LineString","coordinates":[[-73.997152550336,40.2406469099375],[-73.9968820252484,40.2416373619811]]}},{"type":"Feature","id":355171,"properties":{"OBJECTID":355171,"PRIMENAME":"Darlington Road","ELEVTYP_F":0,"ELEVTYP_T":0},"geometry":{"type":"LineString","coordinates":[[-73.993531653049,40.2447472872014],[-73.995898931531,40.2451310569217]]}},{"type":"Feature","id":355377,"properties":{"OBJECTID":355377,"PRIMENAME":"Brighton Avenue","ELEVTYP_F":0,"ELEVTYP_T":0},"geometry":{"type":"LineString","coordinates":[[-73.9936122279627,40.2518270789171],[-73.9937077074938,40.25184273592],[-73.9963655833098,40.252279811954],[-73.9978255998247,40.2525196936595],[-73.9984229273901,40.2526189704974]]}},{"type":"Feature","id":355578,"properties":{"OBJECTID":355578,"PRIMENAME":"Ocean Avenue","ELEVTYP_F":0,"ELEVTYP_T":0},"geometry":{"type":"LineString","coordinates":[[-73.9929535649468,40.2534992324764],[-73.9928212216487,40.2538524885721]]}},{"type":"Feature","id":355804,"properties":{"OBJECTID":355804,"PRIMENAME":"Norwood Avenue","ELEVTYP_F":0,"ELEVTYP_T":0},"geometry":{"type":"LineString","coordinates":[[-74.0001404591103,40.2586700491189],[-74.0001465068428,40.2586113618512],[-74.0001900300567,40.2581945216367],[-74.0002020873818,40.2580832633308]]}},{"type":"Feature","id":356653,"properties":{"OBJECTID":356653,"PRIMENAME":"Norwood Avenue","ELEVTYP_F":0,"ELEVTYP_T":0},"geometry":{"type":"LineString","coordinates":[[-74.0000626574828,40.2579058048414],[-74.0000427951618,40.2581410121429],[-73.999969454943,40.2587434926409]]}},{"type":"Feature","id":356713,"properties":{"OBJECTID":356713,"PRIMENAME":"Norwood Avenue","ELEVTYP_F":0,"ELEVTYP_T":0},"geometry":{"type":"LineString","coordinates":[[-74.0000105910343,40.2627250481849],[-73.9999771321459,40.2626069410205],[-73.99992249226,40.2624208530025],[-73.9999080244689,40.2623724797909]]}},{"type":"Feature","id":356783,"properties":{"OBJECTID":356783,"PRIMENAME":"Norwood Avenue","ELEVTYP_F":0,"ELEVTYP_T":0},"geometry":{"type":"LineString","coordinates":[[-74.0005531569314,40.2511614612822],[-74.0005568252613,40.2510327801544],[-74.000579099455,40.2505419740602],[-74.0005852029171,40.2502185570551],[-74.0005853863183,40.2502083181817]]}},{"type":"Feature","id":356891,"properties":{"OBJECTID":356891,"PRIMENAME":"Norwood Avenue","ELEVTYP_F":0,"ELEVTYP_T":0},"geometry":{"type":"LineString","coordinates":[[-74.0002710276542,40.2574495222707],[-74.0002734277187,40.2574275348108],[-74.0003164744729,40.2570702920645],[-74.0003334629792,40.2568749599846],[-74.0003532872549,40.2567177706665],[-74.0003899056417,40.2563914658366]]}},{"type":"Feature","id":356947,"properties":{"OBJECTID":356947,"PRIMENAME":"Ocean Avenue","ELEVTYP_F":0,"ELEVTYP_T":0},"geometry":{"type":"LineString","coordinates":[[-73.9935585903875,40.2518182824809],[-73.9929535649468,40.2534992324764]]}},{"type":"Feature","id":357649,"properties":{"OBJECTID":357649,"PRIMENAME":"Ocean Avenue","ELEVTYP_F":0,"ELEVTYP_T":0},"geometry":{"type":"LineString","coordinates":[[-73.9977281136335,40.238661238251],[-73.9976689162,40.2387391331157],[-73.9974287128464,40.2396504930247]]}},{"type":"Feature","id":357661,"properties":{"OBJECTID":357661,"PRIMENAME":"Ocean Avenue","ELEVTYP_F":0,"ELEVTYP_T":0},"geometry":{"type":"LineString","coordinates":[[-73.9974287128464,40.2396504930247],[-73.997152550336,40.2406469099375]]}},{"type":"Feature","id":359074,"properties":{"OBJECTID":359074,"PRIMENAME":"Ocean Avenue","ELEVTYP_F":0,"ELEVTYP_T":0},"geometry":{"type":"LineString","coordinates":[[-73.9907566058227,40.259621638076],[-73.9904294525653,40.260543627653]]}},{"type":"Feature","id":361277,"properties":{"OBJECTID":361277,"PRIMENAME":"Norwood Avenue","ELEVTYP_F":0,"ELEVTYP_T":0},"geometry":{"type":"LineString","coordinates":[[-74.0003947738165,40.2511350816581],[-74.0003675842113,40.2520407263154],[-74.000366435215,40.2520785231698],[-74.0003404090648,40.2529345397512]]}},{"type":"Feature","id":361780,"properties":{"OBJECTID":361780,"PRIMENAME":"Roseld Avenue","ELEVTYP_F":0,"ELEVTYP_T":0},"geometry":{"type":"LineString","coordinates":[[-73.9956836618732,40.2461148883354],[-73.9958194847012,40.2461370600818],[-73.9963459796281,40.2462230271224],[-73.9982484850055,40.2465336509451],[-73.9982737476631,40.246537796353]]}},{"type":"Feature","id":362398,"properties":{"OBJECTID":362398,"PRIMENAME":"Norwood Avenue","ELEVTYP_F":0,"ELEVTYP_T":0},"geometry":{"type":"LineString","coordinates":[[-74.0002261478056,40.2563204654802],[-74.0002183843334,40.2564689100857],[-74.0001981918209,40.2566761152926],[-74.0001732887964,40.2568904919481],[-74.0001184767096,40.257426584577],[-74.0000878046288,40.2577265669163],[-74.0000626574828,40.2579058048414]]}},{"type":"Feature","id":362430,"properties":{"OBJECTID":362430,"PRIMENAME":"Norwood Avenue","ELEVTYP_F":0,"ELEVTYP_T":0},"geometry":{"type":"LineString","coordinates":[[-74.0004253082937,40.2554070419539],[-74.0004292068268,40.2552763858607],[-74.0004489185524,40.2546959097234]]}},{"type":"Feature","id":364521,"properties":{"OBJECTID":364521,"PRIMENAME":"Clem Conover Road","ELEVTYP_F":0,"ELEVTYP_T":0},"geometry":{"type":"LineString","coordinates":[[-73.9951086151294,40.2474342702264],[-73.9950052878052,40.247417291281],[-73.9926508282221,40.2470304846248]]}},{"type":"Feature","id":365700,"properties":{"OBJECTID":365700,"PRIMENAME":"Ocean Avenue","ELEVTYP_F":0,"ELEVTYP_T":0},"geometry":{"type":"LineString","coordinates":[[-73.9941700287211,40.2501075691114],[-73.9935585903875,40.2518182824809]]}},{"type":"Feature","id":370294,"properties":{"OBJECTID":370294,"PRIMENAME":"Ocean Avenue","ELEVTYP_F":0,"ELEVTYP_T":0},"geometry":{"type":"LineString","coordinates":[[-73.9922277200521,40.2555275672599],[-73.9914762842934,40.257620638371]]}},{"type":"Feature","id":370870,"properties":{"OBJECTID":370870,"PRIMENAME":"Norwood Avenue","ELEVTYP_F":0,"ELEVTYP_T":0},"geometry":{"type":"LineString","coordinates":[[-74.0004988066426,40.2529595189771],[-74.0005072477567,40.2526982914119],[-74.0005230792583,40.2522360627858],[-74.0005264922102,40.2521269475301],[-74.0005353029891,40.2518453034418],[-74.0005442515206,40.2514711949431],[-74.0005531569314,40.2511614612822]]}},{"type":"Feature","id":371290,"properties":{"OBJECTID":371290,"PRIMENAME":"Jerome Avenue","ELEVTYP_F":0,"ELEVTYP_T":0},"geometry":{"type":"LineString","coordinates":[[-73.9887745366403,40.2591953907796],[-73.9906750831078,40.2596041630867],[-73.9907566058227,40.259621638076]]}},{"type":"Feature","id":371360,"properties":{"OBJECTID":371360,"PRIMENAME":"Roosevelt Avenue","ELEVTYP_F":0,"ELEVTYP_T":0},"geometry":{"type":"LineString","coordinates":[[-73.9958133472067,40.2586238044508],[-73.9943676255519,40.2582905943207],[-73.9927841607891,40.2579166829361],[-73.9916601018271,40.2576591621842],[-73.991533062884,40.257632541552]]}},{"type":"Feature","id":372551,"properties":{"OBJECTID":372551,"PRIMENAME":"Ocean Avenue","ELEVTYP_F":0,"ELEVTYP_T":0},"geometry":{"type":"LineString","coordinates":[[-73.9904294525653,40.260543627653],[-73.9903025509473,40.2609011356721]]}},{"type":"Feature","id":372554,"properties":{"OBJECTID":372554,"PRIMENAME":"Norwood Avenue","ELEVTYP_F":0,"ELEVTYP_T":0},"geometry":{"type":"LineString","coordinates":[[-74.0006144611832,40.2492601023533],[-74.0006173437845,40.2491456933398],[-74.0006341892559,40.2485452463346],[-74.0006614002382,40.2478066206163],[-74.0006706082212,40.2473920478508],[-74.0006825503546,40.2472490448184]]}},{"type":"Feature","id":373929,"properties":{"OBJECTID":373929,"PRIMENAME":"Philips Avenue","ELEVTYP_F":0,"ELEVTYP_T":0},"geometry":{"type":"LineString","coordinates":[[-73.9928843387505,40.2538628850397],[-73.9928212216487,40.2538524885721]]}},{"type":"Feature","id":373932,"properties":{"OBJECTID":373932,"PRIMENAME":"Unnamed Segment","ELEVTYP_F":0,"ELEVTYP_T":0},"geometry":{"type":"LineString","coordinates":[[-73.9903655186362,40.2609154993757],[-73.990487580415,40.2605558804392]]}},{"type":"Feature","id":373933,"properties":{"OBJECTID":373933,"PRIMENAME":"Unnamed Segment","ELEVTYP_F":0,"ELEVTYP_T":0},"geometry":{"type":"LineString","coordinates":[[-73.9930107725767,40.2535100830372],[-73.9935405848451,40.2520279388328],[-73.9936122279627,40.2518270789171]]}},{"type":"Feature","id":373974,"properties":{"OBJECTID":373974,"PRIMENAME":"Norwood Avenue","ELEVTYP_F":0,"ELEVTYP_T":0},"geometry":{"type":"LineString","coordinates":[[-73.9999206141831,40.2627501544679],[-73.9999393645131,40.2627963638737],[-73.9999579105472,40.2628420608165],[-74.0000302058152,40.2630201902688],[-74.0001657381827,40.2633669529333]]}},{"type":"Feature","id":374151,"properties":{"OBJECTID":374151,"PRIMENAME":"Wallace Road","ELEVTYP_F":0,"ELEVTYP_T":0},"geometry":{"type":"LineString","coordinates":[[-73.9945611504798,40.2491729093653],[-73.9945012861925,40.2491622217931]]}},{"type":"Feature","id":374153,"properties":{"OBJECTID":374153,"PRIMENAME":"Unnamed Segment","ELEVTYP_F":0,"ELEVTYP_T":0},"geometry":{"type":"LineString","coordinates":[[-73.99116540916,40.2586477859678],[-73.9912001717929,40.2585509409178],[-73.991533062884,40.257632541552]]}},{"type":"Feature","id":374155,"properties":{"OBJECTID":374155,"PRIMENAME":"Monmouth Drive","ELEVTYP_F":0,"ELEVTYP_T":0},"geometry":{"type":"LineString","coordinates":[[-73.9968820252484,40.2416373619811],[-73.9969582989023,40.2416523257631]]}},{"type":"Feature","id":374157,"properties":{"OBJECTID":374157,"PRIMENAME":"Unnamed Segment","ELEVTYP_F":0,"ELEVTYP_T":0},"geometry":{"type":"LineString","coordinates":[[-73.9956836618732,40.2461148883354],[-73.9959813729912,40.245144212653]]}},{"type":"Feature","id":374160,"properties":{"OBJECTID":374160,"PRIMENAME":"Unnamed Segment","ELEVTYP_F":0,"ELEVTYP_T":0},"geometry":{"type":"LineString","coordinates":[[-73.9959813729912,40.245144212653],[-73.9962904692031,40.2440346407001]]}},{"type":"Feature","id":374364,"properties":{"OBJECTID":374364,"PRIMENAME":"Ocean Lane","ELEVTYP_F":0,"ELEVTYP_T":0},"geometry":{"type":"LineString","coordinates":[[-73.9925979429196,40.2544996055424],[-73.9926557755678,40.254499433984]]}},{"type":"Feature","id":374371,"properties":{"OBJECTID":374371,"PRIMENAME":"Unnamed Segment","ELEVTYP_F":0,"ELEVTYP_T":0},"geometry":{"type":"LineString","coordinates":[[-73.990159164346,40.261441550582],[-73.9902134594197,40.2613795215159],[-73.990364761193,40.2609177368908],[-73.9903655186362,40.2609154993757]]}},{"type":"Feature","id":374372,"properties":{"OBJECTID":374372,"PRIMENAME":"Unnamed Segment","ELEVTYP_F":0,"ELEVTYP_T":0},"geometry":{"type":"LineString","coordinates":[[-73.9948856468931,40.2483104816465],[-73.9951934364696,40.2474481403209]]}},{"type":"Feature","id":374487,"properties":{"OBJECTID":374487,"PRIMENAME":"Ocean Avenue","ELEVTYP_F":0,"ELEVTYP_T":0},"geometry":{"type":"LineString","coordinates":[[-73.9945012861925,40.2491622217931],[-73.9941700287211,40.2501075691114]]}},{"type":"Feature","id":374582,"properties":{"OBJECTID":374582,"PRIMENAME":"Unnamed Segment","ELEVTYP_F":0,"ELEVTYP_T":0},"geometry":{"type":"LineString","coordinates":[[-73.9922836189972,40.2555375694152],[-73.9923615057272,40.2553189568836],[-73.9926557755678,40.254499433984]]}},{"type":"Feature","id":374588,"properties":{"OBJECTID":374588,"PRIMENAME":"Roosevelt Avenue","ELEVTYP_F":0,"ELEVTYP_T":0},"geometry":{"type":"LineString","coordinates":[[-73.991533062884,40.257632541552],[-73.9914762842934,40.257620638371]]}},{"type":"Feature","id":374592,"properties":{"OBJECTID":374592,"PRIMENAME":"Unnamed Segment","ELEVTYP_F":0,"ELEVTYP_T":0},"geometry":{"type":"LineString","coordinates":[[-73.9975118865448,40.239664534401],[-73.9976149516368,40.2392957038651],[-73.9977079251994,40.2389597406909],[-73.9977491592668,40.2387558311792],[-73.9977281136335,40.238661238251]]}},{"type":"Feature","id":374811,"properties":{"OBJECTID":374811,"PRIMENAME":"Parker Avenue","ELEVTYP_F":0,"ELEVTYP_T":0},"geometry":{"type":"LineString","coordinates":[[-73.994223011975,40.2501162984577],[-73.9941700287211,40.2501075691114]]}},{"type":"Feature","id":374813,"properties":{"OBJECTID":374813,"PRIMENAME":"Unnamed Segment","ELEVTYP_F":0,"ELEVTYP_T":0},"geometry":{"type":"LineString","coordinates":[[-73.9951934364696,40.2474481403209],[-73.9953070454464,40.2471461994756],[-73.9956836618732,40.2461148883354]]}},{"type":"Feature","id":374815,"properties":{"OBJECTID":374815,"PRIMENAME":"Brighton Avenue","ELEVTYP_F":0,"ELEVTYP_T":0},"geometry":{"type":"LineString","coordinates":[[-73.9935585903875,40.2518182824809],[-73.9936122279627,40.2518270789171]]}},{"type":"Feature","id":374817,"properties":{"OBJECTID":374817,"PRIMENAME":"Poplar Avenue","ELEVTYP_F":0,"ELEVTYP_T":0},"geometry":{"type":"LineString","coordinates":[[-73.9922277200521,40.2555275672599],[-73.9922836189972,40.2555375694152]]}},{"type":"Feature","id":374818,"properties":{"OBJECTID":374818,"PRIMENAME":"Darlington Road","ELEVTYP_F":0,"ELEVTYP_T":0},"geometry":{"type":"LineString","coordinates":[[-73.995898931531,40.2451310569217],[-73.9959813729912,40.245144212653]]}},{"type":"Feature","id":375010,"properties":{"OBJECTID":375010,"PRIMENAME":"Runyan Avenue","ELEVTYP_F":0,"ELEVTYP_T":0},"geometry":{"type":"LineString","coordinates":[[-73.9948073315441,40.2482956814192],[-73.9948856468931,40.2483104816465]]}},{"type":"Feature","id":375708,"properties":{"OBJECTID":375708,"PRIMENAME":"Unnamed Segment","ELEVTYP_F":0,"ELEVTYP_T":0},"geometry":{"type":"LineString","coordinates":[[-73.9945611504798,40.2491729093653],[-73.9947119698666,40.2487521249812],[-73.9948856468931,40.2483104816465]]}},{"type":"Feature","id":375918,"properties":{"OBJECTID":375918,"PRIMENAME":"Unnamed Segment","ELEVTYP_F":0,"ELEVTYP_T":0},"geometry":{"type":"LineString","coordinates":[[-73.9962904692031,40.2440346407001],[-73.9963271462682,40.2439042415463],[-73.996611938191,40.2428768592981]]}},{"type":"Feature","id":375919,"properties":{"OBJECTID":375919,"PRIMENAME":"Deal Esplanade","ELEVTYP_F":0,"ELEVTYP_T":0},"geometry":{"type":"LineString","coordinates":[[-73.9962904692031,40.2440346407001],[-73.9962159467099,40.2440074602601]]}},{"type":"Feature","id":375920,"properties":{"OBJECTID":375920,"PRIMENAME":"Unnamed Segment","ELEVTYP_F":0,"ELEVTYP_T":0},"geometry":{"type":"LineString","coordinates":[[-73.9936122279627,40.2518270789171],[-73.9941225094353,40.2503966902027],[-73.994223011975,40.2501162984577]]}},{"type":"Feature","id":375923,"properties":{"OBJECTID":375923,"PRIMENAME":"Unnamed Segment","ELEVTYP_F":0,"ELEVTYP_T":0},"geometry":{"type":"LineString","coordinates":[[-73.994223011975,40.2501162984577],[-73.9945611504798,40.2491729093653]]}},{"type":"Feature","id":376141,"properties":{"OBJECTID":376141,"PRIMENAME":"Unnamed Segment","ELEVTYP_F":0,"ELEVTYP_T":0},"geometry":{"type":"LineString","coordinates":[[-73.9928843387505,40.2538628850397],[-73.9929561137967,40.2536629880884],[-73.9930107725767,40.2535100830372]]}},{"type":"Feature","id":376142,"properties":{"OBJECTID":376142,"PRIMENAME":"Unnamed Segment","ELEVTYP_F":0,"ELEVTYP_T":0},"geometry":{"type":"LineString","coordinates":[[-73.9926557755678,40.254499433984],[-73.9928843387505,40.2538628850397]]}},{"type":"Feature","id":376145,"properties":{"OBJECTID":376145,"PRIMENAME":"Hathaway Avenue","ELEVTYP_F":0,"ELEVTYP_T":0},"geometry":{"type":"LineString","coordinates":[[-73.9972315941798,40.2406598212477],[-73.997152550336,40.2406469099375]]}},{"type":"Feature","id":376148,"properties":{"OBJECTID":376148,"PRIMENAME":"Clem Conover Road","ELEVTYP_F":0,"ELEVTYP_T":0},"geometry":{"type":"LineString","coordinates":[[-73.9951934364696,40.2474481403209],[-73.9951086151294,40.2474342702264]]}},{"type":"Feature","id":376149,"properties":{"OBJECTID":376149,"PRIMENAME":"Unnamed Segment","ELEVTYP_F":0,"ELEVTYP_T":0},"geometry":{"type":"LineString","coordinates":[[-73.996611938191,40.2428768592981],[-73.9967677901148,40.2422697448174],[-73.9969582989023,40.2416523257631]]}},{"type":"Feature","id":376151,"properties":{"OBJECTID":376151,"PRIMENAME":"Unnamed Segment","ELEVTYP_F":0,"ELEVTYP_T":0},"geometry":{"type":"LineString","coordinates":[[-73.9969582989023,40.2416523257631],[-73.9972315941798,40.2406598212477]]}},{"type":"Feature","id":376367,"properties":{"OBJECTID":376367,"PRIMENAME":"Unnamed Segment","ELEVTYP_F":0,"ELEVTYP_T":0},"geometry":{"type":"LineString","coordinates":[[-73.990487580415,40.2605558804392],[-73.9906105533109,40.2601935777797],[-73.9908116090159,40.2596334617437]]}},{"type":"Feature","id":376581,"properties":{"OBJECTID":376581,"PRIMENAME":"Sydney Avenue","ELEVTYP_F":0,"ELEVTYP_T":0},"geometry":{"type":"LineString","coordinates":[[-73.9974287128464,40.2396504930247],[-73.9975118865448,40.239664534401]]}},{"type":"Feature","id":376584,"properties":{"OBJECTID":376584,"PRIMENAME":"Roseld Avenue","ELEVTYP_F":0,"ELEVTYP_T":0},"geometry":{"type":"LineString","coordinates":[[-73.9955971506502,40.2461005518949],[-73.9956836618732,40.2461148883354]]}},{"type":"Feature","id":376589,"properties":{"OBJECTID":376589,"PRIMENAME":"Whitehall Avenue","ELEVTYP_F":0,"ELEVTYP_T":0},"geometry":{"type":"LineString","coordinates":[[-73.99116540916,40.2586477859678],[-73.9911073628075,40.2586356833894]]}},{"type":"Feature","id":376593,"properties":{"OBJECTID":376593,"PRIMENAME":"Berringer Road","ELEVTYP_F":0,"ELEVTYP_T":0},"geometry":{"type":"LineString","coordinates":[[-73.990487580415,40.2605558804392],[-73.9904294525653,40.260543627653]]}},{"type":"Feature","id":376602,"properties":{"OBJECTID":376602,"PRIMENAME":"Deal Esplanade","ELEVTYP_F":0,"ELEVTYP_T":0},"geometry":{"type":"LineString","coordinates":[[-73.9962159467099,40.2440074602601],[-73.9961009730644,40.2439719373137],[-73.9957900250408,40.2439658067926],[-73.995491506959,40.2439645058555],[-73.9951742906778,40.243967898821],[-73.9950561443139,40.2439578300377],[-73.9949443374313,40.243943067507],[-73.9948077041211,40.2439138659988],[-73.9946090590533,40.2438605646202],[-73.9943794265185,40.2437976011774],[-73.9942118060099,40.2437587372354],[-73.9938949799499,40.2437096952153]]}},{"type":"Feature","id":376787,"properties":{"OBJECTID":376787,"PRIMENAME":"Unnamed Segment","ELEVTYP_F":0,"ELEVTYP_T":0},"geometry":{"type":"LineString","coordinates":[[-73.9908116090159,40.2596334617437],[-73.99116540916,40.2586477859678]]}},{"type":"Feature","id":376790,"properties":{"OBJECTID":376790,"PRIMENAME":"Marine Place","ELEVTYP_F":0,"ELEVTYP_T":0},"geometry":{"type":"LineString","coordinates":[[-73.996611938191,40.2428768592981],[-73.9965274886389,40.2428633494238]]}},{"type":"Feature","id":376791,"properties":{"OBJECTID":376791,"PRIMENAME":"Unnamed Segment","ELEVTYP_F":0,"ELEVTYP_T":0},"geometry":{"type":"LineString","coordinates":[[-73.991533062884,40.257632541552],[-73.9917769344349,40.2569597170353],[-73.9922836189972,40.2555375694152]]}},{"type":"Feature","id":376796,"properties":{"OBJECTID":376796,"PRIMENAME":"Philips Avenue","ELEVTYP_F":0,"ELEVTYP_T":0},"geometry":{"type":"LineString","coordinates":[[-73.9929535649468,40.2534992324764],[-73.9930107725767,40.2535100830372]]}},{"type":"Feature","id":376916,"properties":{"OBJECTID":376916,"PRIMENAME":"Whitehall Avenue","ELEVTYP_F":0,"ELEVTYP_T":0},"geometry":{"type":"LineString","coordinates":[[-73.9911073628075,40.2586356833894],[-73.9910028833632,40.2586142204096],[-73.988940728628,40.2581904931727]]}},{"type":"Feature","id":377026,"properties":{"OBJECTID":377026,"PRIMENAME":"Jerome Avenue","ELEVTYP_F":0,"ELEVTYP_T":0},"geometry":{"type":"LineString","coordinates":[[-73.9907566058227,40.259621638076],[-73.9908116090159,40.2596334617437]]}},{"type":"Feature","id":377027,"properties":{"OBJECTID":377027,"PRIMENAME":"Unnamed Segment","ELEVTYP_F":0,"ELEVTYP_T":0},"geometry":{"type":"LineString","coordinates":[[-73.9972315941798,40.2406598212477],[-73.9975118865448,40.239664534401]]}},{"type":"Feature","id":377028,"properties":{"OBJECTID":377028,"PRIMENAME":"Ocean Avenue","ELEVTYP_F":0,"ELEVTYP_T":0},"geometry":{"type":"LineString","coordinates":[[-73.990159164346,40.261441550582],[-73.9901437005117,40.2614936119479]]}},{"type":"Feature","id":377032,"properties":{"OBJECTID":377032,"PRIMENAME":"Lawrence Avenue","ELEVTYP_F":0,"ELEVTYP_T":0},"geometry":{"type":"LineString","coordinates":[[-73.9903025509473,40.2609011356721],[-73.9903655186362,40.2609154993757]]}},{"type":"Feature","id":377287,"properties":{"OBJECTID":377287,"PRIMENAME":"Norwood Avenue","ELEVTYP_F":0,"ELEVTYP_T":0},"geometry":{"type":"LineString","coordinates":[[-73.9999080244689,40.2623724797909],[-73.999886084631,40.2622991376146],[-73.9998650535201,40.2621965944455]]}},{"type":"Feature","id":377405,"properties":{"OBJECTID":377405,"PRIMENAME":"Norwood Avenue","ELEVTYP_F":0,"ELEVTYP_T":0},"geometry":{"type":"LineString","coordinates":[[-74.0000583252189,40.2595945690641],[-74.0000660836842,40.2594021883398],[-74.0000996236235,40.2590663180155],[-74.0001404591103,40.2586700491189]]}},{"type":"Feature","id":377972,"properties":{"OBJECTID":377972,"PRIMENAME":"Sydney Avenue","ELEVTYP_F":0,"ELEVTYP_T":0},"geometry":{"type":"LineString","coordinates":[[-73.9975118865448,40.239664534401],[-73.9980353203104,40.2397528699465],[-73.9990416009922,40.2399192266627],[-73.9994328884218,40.2399877113478],[-74.0007373262595,40.2402030274175],[-74.0008679835376,40.2402208036259]]}},{"type":"Feature","id":378244,"properties":{"OBJECTID":378244,"PRIMENAME":"Norwood Avenue","ELEVTYP_F":0,"ELEVTYP_T":0},"geometry":{"type":"LineString","coordinates":[[-73.9997774474723,40.2612709910985],[-73.9997470679376,40.2615569681881],[-73.9997265459085,40.2618035379056],[-73.9997209564787,40.2619250447804],[-73.9997202192118,40.2620251332342],[-73.9997381610271,40.2621288699662],[-73.9997394133353,40.2621366598149],[-73.9997559786029,40.2622397448156],[-73.9997710055082,40.2622899235924],[-73.9997924214354,40.2623614333775],[-73.9998379443279,40.2625153355728],[-73.9999110323359,40.2627265399957],[-73.9999206141831,40.2627501544679]]}},{"type":"Feature","id":378413,"properties":{"OBJECTID":378413,"PRIMENAME":"Ocean Avenue","ELEVTYP_F":0,"ELEVTYP_T":0},"geometry":{"type":"LineString","coordinates":[[-73.9948073315441,40.2482956814192],[-73.9945012861925,40.2491622217931]]}},{"type":"Feature","id":378707,"properties":{"OBJECTID":378707,"PRIMENAME":"Ocean Avenue","ELEVTYP_F":0,"ELEVTYP_T":0},"geometry":{"type":"LineString","coordinates":[[-73.9968820252484,40.2416373619811],[-73.9965274886389,40.2428633494238]]}},{"type":"Feature","id":380313,"properties":{"OBJECTID":380313,"PRIMENAME":"Ocean Avenue","ELEVTYP_F":0,"ELEVTYP_T":0},"geometry":{"type":"LineString","coordinates":[[-73.9928212216487,40.2538524885721],[-73.9925979429196,40.2544996055424]]}},{"type":"Feature","id":380569,"properties":{"OBJECTID":380569,"PRIMENAME":"Hathaway Avenue","ELEVTYP_F":0,"ELEVTYP_T":0},"geometry":{"type":"LineString","coordinates":[[-73.997152550336,40.2406469099375],[-73.9966610564596,40.2405666577009],[-73.9948348751639,40.2402584268795],[-73.9947225685491,40.2402394612448]]}},{"type":"Feature","id":381098,"properties":{"OBJECTID":381098,"PRIMENAME":"Ocean Avenue","ELEVTYP_F":0,"ELEVTYP_T":0},"geometry":{"type":"LineString","coordinates":[[-73.9955971506502,40.2461005518949],[-73.9951086151294,40.2474342702264]]}},{"type":"Feature","id":381365,"properties":{"OBJECTID":381365,"PRIMENAME":"Ocean Avenue","ELEVTYP_F":0,"ELEVTYP_T":0},"geometry":{"type":"LineString","coordinates":[[-73.9914762842934,40.257620638371],[-73.9911073628075,40.2586356833894]]}},{"type":"Feature","id":381490,"properties":{"OBJECTID":381490,"PRIMENAME":"Ocean Avenue","ELEVTYP_F":0,"ELEVTYP_T":0},"geometry":{"type":"LineString","coordinates":[[-73.9965274886389,40.2428633494238],[-73.9962159467099,40.2440074602601]]}},{"type":"Feature","id":381812,"properties":{"OBJECTID":381812,"PRIMENAME":"Roseld Court","ELEVTYP_F":0,"ELEVTYP_T":0},"geometry":{"type":"LineString","coordinates":[[-74.0022872161579,40.2471951503655],[-74.0022285915372,40.2473142337562],[-74.002195018273,40.2474174200415],[-74.0021946610347,40.2474188523649],[-74.0021610617416,40.2475534924796],[-74.0021345080157,40.2475836577345],[-74.0021013427083,40.2476213448202],[-74.0020747521163,40.2476565338162],[-74.0020426062858,40.2477018566123],[-74.0019886842961,40.2478928575519],[-74.0018501967394,40.2484181116161],[-74.001863105143,40.2484508352244],[-74.0018826063041,40.2484786182349],[-74.0019120369694,40.2484862672652],[-74.0019200571249,40.248486878209]]}},{"type":"Feature","id":382223,"properties":{"OBJECTID":382223,"PRIMENAME":"Parker Avenue","ELEVTYP_F":0,"ELEVTYP_T":0},"geometry":{"type":"LineString","coordinates":[[-74.0003947738165,40.2511350816581],[-73.9992430116319,40.2509434831361],[-73.997851382744,40.2507134973336],[-73.9959565305737,40.2504049862789],[-73.9946146527414,40.2501798995321],[-73.9943412915026,40.250135797746],[-73.994223011975,40.2501162984577]]}},{"type":"Feature","id":382263,"properties":{"OBJECTID":382263,"PRIMENAME":"Norwood Avenue","ELEVTYP_F":0,"ELEVTYP_T":0},"geometry":{"type":"LineString","coordinates":[[-73.9998996475179,40.259566759942],[-73.9999038652129,40.2598990880234],[-73.9998993093355,40.2599645970356],[-73.999877774687,40.2602742755899],[-73.9998535055469,40.2605184640486],[-73.9997971605732,40.2610853621618],[-73.9997774474723,40.2612709910985]]}},{"type":"Feature","id":382294,"properties":{"OBJECTID":382294,"PRIMENAME":"Norwood Avenue","ELEVTYP_F":0,"ELEVTYP_T":0},"geometry":{"type":"LineString","coordinates":[[-74.0004714743455,40.2538211562762],[-74.0004716694283,40.2538141292305],[-74.0004771152399,40.2536047463583],[-74.0004794545173,40.2535155365933],[-74.0004911543912,40.2531962617561],[-74.0004988066426,40.2529595189771]]}},{"type":"Feature","id":382329,"properties":{"OBJECTID":382329,"PRIMENAME":"Ocean Avenue","ELEVTYP_F":0,"ELEVTYP_T":0},"geometry":{"type":"LineString","coordinates":[[-73.9900591959192,40.2617781158207],[-73.9897542475279,40.2628047751624],[-73.9895565572275,40.2634473019327],[-73.989473745193,40.2637043019869],[-73.9894103556048,40.2638612960879],[-73.9893608726124,40.263960646939]]}},{"type":"Feature","id":383255,"properties":{"OBJECTID":383255,"PRIMENAME":"Sydney Avenue","ELEVTYP_F":0,"ELEVTYP_T":0},"geometry":{"type":"LineString","coordinates":[[-73.9950317323968,40.2392539516803],[-73.9951779946148,40.2392781169713],[-73.9973396219895,40.2396354567718],[-73.9974287128464,40.2396504930247]]}},{"type":"Feature","id":384608,"properties":{"OBJECTID":384608,"PRIMENAME":"Norwood Avenue","ELEVTYP_F":0,"ELEVTYP_T":0},"geometry":{"type":"LineString","coordinates":[[-74.0001813419425,40.2634068773854],[-74.0001620630414,40.2632607200282],[-74.0000447119036,40.2628458754989]]}},{"type":"Feature","id":386444,"properties":{"OBJECTID":386444,"PRIMENAME":"Lawrence Avenue","ELEVTYP_F":0,"ELEVTYP_T":0},"geometry":{"type":"LineString","coordinates":[[-73.9903655186362,40.2609154993757],[-73.990462837514,40.2609376843543],[-73.9907983022374,40.2610058695141],[-73.9909173836509,40.2610302583225],[-73.9910434941087,40.2610560874616]]}},{"type":"Feature","id":386764,"properties":{"OBJECTID":386764,"PRIMENAME":"Deal Esplanade","ELEVTYP_F":0,"ELEVTYP_T":0},"geometry":{"type":"LineString","coordinates":[[-73.9975576509889,40.2443630162456],[-73.9974291040164,40.2443542224045],[-73.9972552125147,40.2443200848499],[-73.997068924824,40.2442811709721],[-73.9968702757965,40.2442230972231],[-73.9966841297748,40.2441698816628],[-73.9963676545013,40.2440731621605],[-73.9962904692031,40.2440346407001]]}},{"type":"Feature","id":388250,"properties":{"OBJECTID":388250,"PRIMENAME":"Jerome Avenue","ELEVTYP_F":0,"ELEVTYP_T":0},"geometry":{"type":"LineString","coordinates":[[-73.9908116090159,40.2596334617437],[-73.9912651285673,40.25973062322],[-73.9922181026847,40.2599311471369],[-73.9928614161656,40.2600665080519],[-73.9935011327378,40.2602075049158],[-73.9950353095912,40.2605335345619],[-73.9951355603894,40.2605542864449]]}},{"type":"Feature","id":390045,"properties":{"OBJECTID":390045,"PRIMENAME":"Seaview Lane","ELEVTYP_F":0,"ELEVTYP_T":0},"geometry":{"type":"LineString","coordinates":[[-73.9926557755678,40.254499433984],[-73.9926679714625,40.254499779266],[-73.9928127205091,40.2545043217296],[-73.9943100343765,40.2547539645666],[-73.9943571393683,40.2547556808087],[-73.9943922514373,40.2547558342202],[-73.9944361921666,40.2547493000279],[-73.9944713554596,40.2547427274763],[-73.9945008278391,40.2547159533682],[-73.9945243908111,40.2546936000219],[-73.9945451688642,40.2546556142814],[-73.9947585745409,40.2538943055981],[-73.994783014094,40.2538071414887]]}},{"type":"Feature","id":392514,"properties":{"OBJECTID":392514,"PRIMENAME":"Ocean Avenue","ELEVTYP_F":0,"ELEVTYP_T":0},"geometry":{"type":"LineString","coordinates":[[-73.9903025509473,40.2609011356721],[-73.9901373466721,40.2613615205773]]}},{"type":"Feature","id":395913,"properties":{"OBJECTID":395913,"PRIMENAME":"Norwood Avenue","ELEVTYP_F":0,"ELEVTYP_T":0},"geometry":{"type":"LineString","coordinates":[[-74.0005853863183,40.2502083181817],[-74.0005892559402,40.2500034578176],[-74.0006041403915,40.249669893949],[-74.0006144611832,40.2492601023533]]}},{"type":"Feature","id":396190,"properties":{"OBJECTID":396190,"PRIMENAME":"Ocean Avenue","ELEVTYP_F":0,"ELEVTYP_T":0},"geometry":{"type":"LineString","coordinates":[[-73.9901437005117,40.2614936119479],[-73.9900591959192,40.2617781158207]]}},{"type":"Feature","id":396191,"properties":{"OBJECTID":396191,"PRIMENAME":"Roseld Avenue","ELEVTYP_F":0,"ELEVTYP_T":0},"geometry":{"type":"LineString","coordinates":[[-73.9927484495713,40.2456201636529],[-73.9955971506502,40.2461005518949]]}},{"type":"Feature","id":396437,"properties":{"OBJECTID":396437,"PRIMENAME":"Ocean Avenue","ELEVTYP_F":0,"ELEVTYP_T":0},"geometry":{"type":"LineString","coordinates":[[-73.9981896478719,40.2367390196068],[-73.9981051866134,40.2370441993823],[-73.9979305029588,40.2376676267047]]}},{"type":"Feature","id":397139,"properties":{"OBJECTID":397139,"PRIMENAME":"Norwood Avenue","ELEVTYP_F":0,"ELEVTYP_T":0},"geometry":{"type":"LineString","coordinates":[[-74.0000447119036,40.2628458754989],[-74.0000367144723,40.2628176753999],[-74.0000159692108,40.2627441231559],[-74.0000105910343,40.2627250481849]]}},{"type":"Feature","id":397343,"properties":{"OBJECTID":397343,"PRIMENAME":"Norwood Avenue","ELEVTYP_F":0,"ELEVTYP_T":0},"geometry":{"type":"LineString","coordinates":[[-73.9998891052123,40.2612806433606],[-73.9999039466221,40.2611386971562],[-73.9999508526677,40.2606813518758],[-73.9999654686885,40.2605351715548],[-73.999977580829,40.2604140242668]]}},{"type":"Feature","id":397371,"properties":{"OBJECTID":397371,"PRIMENAME":"Poplar Avenue","ELEVTYP_F":0,"ELEVTYP_T":0},"geometry":{"type":"LineString","coordinates":[[-73.9922836189972,40.2555375694152],[-73.9923850059039,40.255555736557],[-73.9931864142338,40.2556927221445],[-73.9937083499876,40.2557807950604],[-73.9943420431016,40.2558836025118],[-73.9945159270918,40.2559225206156],[-73.9946588892657,40.2559374475368],[-73.9950197317757,40.2559342734866],[-73.9960834819146,40.2559293570832],[-73.9963820878605,40.2559306569648],[-73.9973275655322,40.2559347677046],[-73.9974637605234,40.25592492772]]}},{"type":"Feature","id":397399,"properties":{"OBJECTID":397399,"PRIMENAME":"Philips Avenue","ELEVTYP_F":0,"ELEVTYP_T":0},"geometry":{"type":"LineString","coordinates":[[-73.9928212216487,40.2538524885721],[-73.9907114342646,40.2535085396188]]}},{"type":"Feature","id":397766,"properties":{"OBJECTID":397766,"PRIMENAME":"Ocean Avenue","ELEVTYP_F":0,"ELEVTYP_T":0},"geometry":{"type":"LineString","coordinates":[[-73.9951086151294,40.2474342702264],[-73.9948073315441,40.2482956814192]]}},{"type":"Feature","id":398503,"properties":{"OBJECTID":398503,"PRIMENAME":"Norwood Avenue","ELEVTYP_F":0,"ELEVTYP_T":0},"geometry":{"type":"LineString","coordinates":[[-74.0002849141255,40.2546826283698],[-74.00026992292,40.2551715714042],[-74.0002640963511,40.2554035187159],[-74.0002637762973,40.2554161842805],[-74.0002567063116,40.2556969791578],[-74.0002451290777,40.2560043124504],[-74.0002410609929,40.2560702352312]]}},{"type":"Feature","id":398976,"properties":{"OBJECTID":398976,"PRIMENAME":"Norwood Avenue","ELEVTYP_F":0,"ELEVTYP_T":0},"geometry":{"type":"LineString","coordinates":[[-73.999977580829,40.2604140242668],[-73.9999844287434,40.2603455358569],[-74.0000242729998,40.2600049157291],[-74.0000280784629,40.2599651534502],[-74.0000545906704,40.2596881102955],[-74.0000583252189,40.2595945690641]]}},{"type":"Feature","id":398997,"properties":{"OBJECTID":398997,"PRIMENAME":"Norwood Avenue","ELEVTYP_F":0,"ELEVTYP_T":0},"geometry":{"type":"LineString","coordinates":[[-74.0006825503546,40.2472490448184],[-74.000687698461,40.2471871624639],[-74.0007041578923,40.2470633135604],[-74.0007123844967,40.2469382213408]]}},{"type":"Feature","id":399673,"properties":{"OBJECTID":399673,"PRIMENAME":"Norwood Avenue","ELEVTYP_F":0,"ELEVTYP_T":0},"geometry":{"type":"LineString","coordinates":[[-74.0004489185524,40.2546959097234],[-74.0004530268657,40.2545758778591],[-74.0004665131366,40.2540135483893],[-74.0004714743455,40.2538211562762]]}},{"type":"Feature","id":399901,"properties":{"OBJECTID":399901,"PRIMENAME":"Monmouth Drive","ELEVTYP_F":0,"ELEVTYP_T":0},"geometry":{"type":"LineString","coordinates":[[-73.9969582989023,40.2416523257631],[-73.9971440652782,40.2416887589242],[-73.9973862298804,40.2417422449705],[-73.9977153745148,40.2418104106226],[-73.9979761683068,40.2418639483635],[-73.998218404529,40.2419079075294],[-73.9982444146052,40.2419124677892]]}},{"type":"Feature","id":399984,"properties":{"OBJECTID":399984,"PRIMENAME":"Norwood Avenue","ELEVTYP_F":0,"ELEVTYP_T":0},"geometry":{"type":"LineString","coordinates":[[-74.0001657381827,40.2633669529333],[-74.0001813419425,40.2634068773854]]}},{"type":"Feature","id":400153,"properties":{"OBJECTID":400153,"PRIMENAME":"Ocean Avenue","ELEVTYP_F":0,"ELEVTYP_T":0},"geometry":{"type":"LineString","coordinates":[[-73.995898931531,40.2451310569217],[-73.9955971506502,40.2461005518949]]}},{"type":"Feature","id":400477,"properties":{"OBJECTID":400477,"PRIMENAME":"Ocean Avenue","ELEVTYP_F":0,"ELEVTYP_T":0},"geometry":{"type":"LineString","coordinates":[[-73.9962159467099,40.2440074602601],[-73.995898931531,40.2451310569217]]}},{"type":"Feature","id":400788,"properties":{"OBJECTID":400788,"PRIMENAME":"Norwood Avenue","ELEVTYP_F":0,"ELEVTYP_T":0},"geometry":{"type":"LineString","coordinates":[[-74.0003899056417,40.2563914658366],[-74.0003968522383,40.2562851471708],[-74.0004039153989,40.2561770420876],[-74.0004062532495,40.2560882160407]]}},{"type":"Feature","id":401674,"properties":{"OBJECTID":401674,"PRIMENAME":"Norwood Avenue","ELEVTYP_F":0,"ELEVTYP_T":0},"geometry":{"type":"LineString","coordinates":[[-74.0002020873818,40.2580832633308],[-74.0002168752584,40.2579468018196],[-74.0002333934671,40.2577943717942],[-74.0002710276542,40.2574495222707]]}},{"type":"Feature","id":401752,"properties":{"OBJECTID":401752,"PRIMENAME":"Hathaway Avenue","ELEVTYP_F":0,"ELEVTYP_T":0},"geometry":{"type":"LineString","coordinates":[[-74.0007735540981,40.2412354478995],[-74.0000775696875,40.2411200260083],[-73.9993134325739,40.2410071061866],[-73.9973506012985,40.2406792710888],[-73.9972315941798,40.2406598212477]]}},{"type":"Feature","id":401867,"properties":{"OBJECTID":401867,"PRIMENAME":"Ocean Avenue","ELEVTYP_F":0,"ELEVTYP_T":0},"geometry":{"type":"LineString","coordinates":[[-73.9911073628075,40.2586356833894],[-73.9907566058227,40.259621638076]]}},{"type":"Feature","id":401894,"properties":{"OBJECTID":401894,"PRIMENAME":"Norwood Avenue","ELEVTYP_F":0,"ELEVTYP_T":0},"geometry":{"type":"LineString","coordinates":[[-74.0005669973505,40.2469145063456],[-74.0005541888538,40.2469657043638],[-74.0005297113301,40.2471228730025],[-74.0005181759938,40.2472336798739],[-74.0005096277632,40.2473158044207],[-74.0005027099189,40.2476232132371],[-74.0004649724494,40.2489455941576],[-74.0004551458954,40.2492344879569]]}},{"type":"Feature","id":401912,"properties":{"OBJECTID":401912,"PRIMENAME":"Ocean Lane","ELEVTYP_F":0,"ELEVTYP_T":0},"geometry":{"type":"LineString","coordinates":[[-73.9910794467354,40.2542059652329],[-73.9911939729863,40.2542301923279],[-73.9924830574614,40.2545028764503],[-73.9925979429196,40.2544996055424]]}},{"type":"Feature","id":403124,"properties":{"OBJECTID":403124,"PRIMENAME":"Unnamed Segment","ELEVTYP_F":0,"ELEVTYP_T":0},"geometry":{"type":"LineString","coordinates":[[-73.9989091681455,40.263313500564],[-73.9989693591094,40.2632163535482],[-73.9992425911912,40.2629061877184]]}}]}
